pair_id,repetition,operation,workload_size,concurrency,attempt_id_fabric,attempt_id_traditional,run_id_fabric,run_id_traditional,attempted_requests_fabric,attempted_requests_traditional,successful_requests_fabric,successful_requests_traditional,failed_requests_fabric,failed_requests_traditional,success_rate_fabric,success_rate_traditional,p95_latency_ms_fabric,p95_latency_ms_traditional,successful_throughput_ops_s_fabric,successful_throughput_ops_s_traditional,p95_latency_ms_difference,p95_latency_ms_ratio,successful_throughput_ops_s_difference,successful_throughput_ops_s_ratio
final-20260805T122631Z-11a3fbb-n0100-c01-r01,1,OP1,100,1,n0100-c01-r01-attempt01,n0100-c01-r01-attempt01,n0100-c01-r01-attempt01-fabric-measured-OP1,n0100-c01-r01-attempt01-traditional-measured-OP1,100,100,100,100,0,0,1.0,1.0,2228.9911907,13.37129135,0.4783747815629776,108.79910178943136,2215.61989935,166.699769854,-108.320727008,0.00439686333522
final-20260805T122631Z-11a3fbb-n0100-c01-r01,1,OP2,100,1,n0100-c01-r01-attempt01,n0100-c01-r01-attempt01,n0100-c01-r01-attempt01-fabric-measured-OP2,n0100-c01-r01-attempt01-traditional-measured-OP2,100,100,100,100,0,0,1.0,1.0,21.84186515,7.627625399999999,52.78769616945175,168.9837310304609,14.21423975,2.86352095241,-116.196034861,0.312383303692
final-20260805T122631Z-11a3fbb-n0100-c01-r01,1,OP3,100,1,n0100-c01-r01-attempt01,n0100-c01-r01-attempt01,n0100-c01-r01-attempt01-fabric-measured-OP3,n0100-c01-r01-attempt01-traditional-measured-OP3,100,100,100,100,0,0,1.0,1.0,2214.74575665,20.1982734,0.4787968580959856,77.3844653086359,2194.54748325,109.650251424,-76.9056684505,0.00618724774005
final-20260805T122631Z-11a3fbb-n0100-c01-r01,1,OP4,100,1,n0100-c01-r01-attempt01,n0100-c01-r01-attempt01,n0100-c01-r01-attempt01-fabric-measured-OP4,n0100-c01-r01-attempt01-traditional-measured-OP4,100,100,100,100,0,0,1.0,1.0,2176.44321545,11.1303703,0.4810592113445307,110.54583119560266,2165.31284515,195.540952977,-110.064771984,0.00435167211772
final-20260805T122631Z-11a3fbb-n0100-c01-r01,1,OP5,100,1,n0100-c01-r01-attempt01,n0100-c01-r01-attempt01,n0100-c01-r01-attempt01-fabric-measured-OP5,n0100-c01-r01-attempt01-traditional-measured-OP5,100,100,100,100,0,0,1.0,1.0,55.13665135,34.620206,42.41703941711084,62.36620632327898,20.51644535,1.59261476809,-19.9491669062,0.68012858113
final-20260805T122631Z-11a3fbb-n0100-c01-r01,1,OP6,100,1,n0100-c01-r01-attempt01,n0100-c01-r01-attempt01,n0100-c01-r01-attempt01-fabric-measured-OP6,n0100-c01-r01-attempt01-traditional-measured-OP6,100,100,100,100,0,0,1.0,1.0,13.75000185,7.733290350000001,87.18227280511341,165.8422969477871,6.0167115,1.77802736322,-78.6600241427,0.525693833296
final-20260805T122631Z-11a3fbb-n0100-c01-r02,2,OP1,100,1,n0100-c01-r02-attempt01,n0100-c01-r02-attempt01,n0100-c01-r02-attempt01-fabric-measured-OP1,n0100-c01-r02-attempt01-traditional-measured-OP1,100,100,100,100,0,0,1.0,1.0,2180.74639125,15.711506849999992,0.4806404826799548,96.98074849611736,2165.0348844,138.799315182,-96.5001080134,0.00495604014336
final-20260805T122631Z-11a3fbb-n0100-c01-r02,2,OP2,100,1,n0100-c01-r02-attempt01,n0100-c01-r02-attempt01,n0100-c01-r02-attempt01-fabric-measured-OP2,n0100-c01-r02-attempt01-traditional-measured-OP2,100,100,100,100,0,0,1.0,1.0,24.7036807,7.43249905,51.23145929645702,169.77104596948163,17.27118165,3.32373815776,-118.539586673,0.301767942843
final-20260805T122631Z-11a3fbb-n0100-c01-r02,2,OP3,100,1,n0100-c01-r02-attempt01,n0100-c01-r02-attempt01,n0100-c01-r02-attempt01-fabric-measured-OP3,n0100-c01-r02-attempt01-traditional-measured-OP3,100,100,100,100,0,0,1.0,1.0,2190.94560055,43.13117619999999,0.4797982143541219,63.757765864840415,2147.81442435,50.7972606727,-63.2779676505,0.0075253297829
final-20260805T122631Z-11a3fbb-n0100-c01-r02,2,OP4,100,1,n0100-c01-r02-attempt01,n0100-c01-r02-attempt01,n0100-c01-r02-attempt01-fabric-measured-OP4,n0100-c01-r02-attempt01-traditional-measured-OP4,100,100,100,100,0,0,1.0,1.0,2236.5703107,12.37414615,0.4784805057759066,106.19037446313146,2224.19616455,180.745425469,-105.711893957,0.00450587455026
final-20260805T122631Z-11a3fbb-n0100-c01-r02,2,OP5,100,1,n0100-c01-r02-attempt01,n0100-c01-r02-attempt01,n0100-c01-r02-attempt01-fabric-measured-OP5,n0100-c01-r02-attempt01-traditional-measured-OP5,100,100,100,100,0,0,1.0,1.0,13.8475649,7.26467215,83.05970207376927,175.23166418929105,6.58289275,1.90615138771,-92.1719621155,0.473999390795
final-20260805T122631Z-11a3fbb-n0100-c01-r02,2,OP6,100,1,n0100-c01-r02-attempt01,n0100-c01-r02-attempt01,n0100-c01-r02-attempt01-fabric-measured-OP6,n0100-c01-r02-attempt01-traditional-measured-OP6,100,100,100,100,0,0,1.0,1.0,15.5303803,15.88416725,81.41851412752156,111.6527257054742,-0.35378695,0.977727069702,-30.234211578,0.7292120601
final-20260805T122631Z-11a3fbb-n0100-c01-r03,3,OP1,100,1,n0100-c01-r03-attempt01,n0100-c01-r03-attempt01,n0100-c01-r03-attempt01-fabric-measured-OP1,n0100-c01-r03-attempt01-traditional-measured-OP1,100,100,100,100,0,0,1.0,1.0,3795.60204345,13.89370545,0.4151686754677635,98.52704870211232,3781.708338,273.188607396,-98.1118800266,0.00421375328843
final-20260805T122631Z-11a3fbb-n0100-c01-r03,3,OP2,100,1,n0100-c01-r03-attempt01,n0100-c01-r03-attempt01,n0100-c01-r03-attempt01-fabric-measured-OP2,n0100-c01-r03-attempt01-traditional-measured-OP2,100,100,100,100,0,0,1.0,1.0,32.1554686,7.11004355,36.05646345834707,173.994669976036,25.04542505,4.52254172198,-137.938206518,0.207227402215
final-20260805T122631Z-11a3fbb-n0100-c01-r03,3,OP3,100,1,n0100-c01-r03-attempt01,n0100-c01-r03-attempt01,n0100-c01-r03-attempt01-fabric-measured-OP3,n0100-c01-r03-attempt01-traditional-measured-OP3,100,100,100,100,0,0,1.0,1.0,2275.4079004,13.632048,0.4729895955825366,95.74980976092672,2261.7758524,166.916071628,-95.2768201653,0.004939848933
final-20260805T122631Z-11a3fbb-n0100-c01-r03,3,OP4,100,1,n0100-c01-r03-attempt01,n0100-c01-r03-attempt01,n0100-c01-r03-attempt01-fabric-measured-OP4,n0100-c01-r03-attempt01-traditional-measured-OP4,100,100,100,100,0,0,1.0,1.0,2280.1957262,50.81744935,0.4765118464717549,40.46303226804463,2229.37827685,44.8703300808,-39.9865204216,0.0117764739754
final-20260805T122631Z-11a3fbb-n0100-c01-r03,3,OP5,100,1,n0100-c01-r03-attempt01,n0100-c01-r03-attempt01,n0100-c01-r03-attempt01-fabric-measured-OP5,n0100-c01-r03-attempt01-traditional-measured-OP5,100,100,100,100,0,0,1.0,1.0,23.16716035,7.02788325,52.85323473191717,182.5951197367772,16.1392771,3.29646346217,-129.741885005,0.289455900071
final-20260805T122631Z-11a3fbb-n0100-c01-r03,3,OP6,100,1,n0100-c01-r03-attempt01,n0100-c01-r03-attempt01,n0100-c01-r03-attempt01-fabric-measured-OP6,n0100-c01-r03-attempt01-traditional-measured-OP6,100,100,100,100,0,0,1.0,1.0,21.28943245,9.474731899999998,58.61936378825276,154.230222930117,11.81470055,2.24696937863,-95.6108591419,0.380077021705
final-20260805T122631Z-11a3fbb-n0100-c01-r04,4,OP1,100,1,n0100-c01-r04-attempt01,n0100-c01-r04-attempt01,n0100-c01-r04-attempt01-fabric-measured-OP1,n0100-c01-r04-attempt01-traditional-measured-OP1,100,100,100,100,0,0,1.0,1.0,2278.13015745,38.89638154999999,0.4729233623229607,53.38800273355329,2239.2337759,58.5692053262,-52.9150793712,0.00885823290081
final-20260805T122631Z-11a3fbb-n0100-c01-r04,4,OP2,100,1,n0100-c01-r04-attempt01,n0100-c01-r04-attempt01,n0100-c01-r04-attempt01-fabric-measured-OP2,n0100-c01-r04-attempt01-traditional-measured-OP2,100,100,100,100,0,0,1.0,1.0,34.511101399999994,7.715341199999998,35.93138517104591,171.37136384818564,26.7957602,4.47304928005,-135.439978677,0.209669715898
final-20260805T122631Z-11a3fbb-n0100-c01-r04,4,OP3,100,1,n0100-c01-r04-attempt01,n0100-c01-r04-attempt01,n0100-c01-r04-attempt01-fabric-measured-OP3,n0100-c01-r04-attempt01-traditional-measured-OP3,100,100,100,100,0,0,1.0,1.0,2237.1868911,16.166513949999995,0.4733683005047184,81.97568919943777,2221.02037715,138.384001524,-81.5023208989,0.00577449613571
final-20260805T122631Z-11a3fbb-n0100-c01-r04,4,OP4,100,1,n0100-c01-r04-attempt01,n0100-c01-r04-attempt01,n0100-c01-r04-attempt01-fabric-measured-OP4,n0100-c01-r04-attempt01-traditional-measured-OP4,100,100,100,100,0,0,1.0,1.0,2245.04298925,13.6118042,0.4754605050347531,93.85802657028565,2231.43118505,164.933535354,-93.3825660653,0.00506574155039
final-20260805T122631Z-11a3fbb-n0100-c01-r04,4,OP5,100,1,n0100-c01-r04-attempt01,n0100-c01-r04-attempt01,n0100-c01-r04-attempt01-fabric-measured-OP5,n0100-c01-r04-attempt01-traditional-measured-OP5,100,100,100,100,0,0,1.0,1.0,26.06216655,30.35623205,51.53492982633161,70.40031285673753,-4.2940655,0.858544186481,-18.8653830304,0.732027000096
final-20260805T122631Z-11a3fbb-n0100-c01-r04,4,OP6,100,1,n0100-c01-r04-attempt01,n0100-c01-r04-attempt01,n0100-c01-r04-attempt01-fabric-measured-OP6,n0100-c01-r04-attempt01-traditional-measured-OP6,100,100,100,100,0,0,1.0,1.0,21.67531135,13.92461025,60.37684190174999,101.39700638114682,7.7507011,1.55661888993,-41.0201644794,0.595449945285
final-20260805T122631Z-11a3fbb-n0100-c01-r05,5,OP1,100,1,n0100-c01-r05-attempt01,n0100-c01-r05-attempt01,n0100-c01-r05-attempt01-fabric-measured-OP1,n0100-c01-r05-attempt01-traditional-measured-OP1,100,100,100,100,0,0,1.0,1.0,2231.4221136,46.71464304999999,0.4739639825594374,49.10377156317367,2184.70747055,47.7670804679,-48.6298075806,0.00965229283762
final-20260805T122631Z-11a3fbb-n0100-c01-r05,5,OP2,100,1,n0100-c01-r05-attempt01,n0100-c01-r05-attempt01,n0100-c01-r05-attempt01-fabric-measured-OP2,n0100-c01-r05-attempt01-traditional-measured-OP2,100,100,100,100,0,0,1.0,1.0,34.665748099999995,8.718568699999999,35.0077805912613,161.70023031723795,25.9471794,3.97608246179,-126.692449726,0.216498025529
final-20260805T122631Z-11a3fbb-n0100-c01-r05,5,OP3,100,1,n0100-c01-r05-attempt01,n0100-c01-r05-attempt01,n0100-c01-r05-attempt01-fabric-measured-OP3,n0100-c01-r05-attempt01-traditional-measured-OP3,100,100,100,100,0,0,1.0,1.0,2255.55277685,21.7893855,0.474689177878157,66.37710861098502,2233.76339135,103.51612609,-65.9024194331,0.00715139884535
final-20260805T122631Z-11a3fbb-n0100-c01-r05,5,OP4,100,1,n0100-c01-r05-attempt01,n0100-c01-r05-attempt01,n0100-c01-r05-attempt01-fabric-measured-OP4,n0100-c01-r05-attempt01-traditional-measured-OP4,100,100,100,100,0,0,1.0,1.0,2219.11133615,17.579550049999995,0.4750213786634864,86.98609368281902,2201.5317861,126.232544624,-86.5110723042,0.00546088873005
final-20260805T122631Z-11a3fbb-n0100-c01-r05,5,OP5,100,1,n0100-c01-r05-attempt01,n0100-c01-r05-attempt01,n0100-c01-r05-attempt01-fabric-measured-OP5,n0100-c01-r05-attempt01-traditional-measured-OP5,100,100,100,100,0,0,1.0,1.0,22.9010456,31.1612627,52.111556490924414,58.815412123751,-8.2602171,0.734920334278,-6.70385563283,0.886018725522
final-20260805T122631Z-11a3fbb-n0100-c01-r05,5,OP6,100,1,n0100-c01-r05-attempt01,n0100-c01-r05-attempt01,n0100-c01-r05-attempt01-fabric-measured-OP6,n0100-c01-r05-attempt01-traditional-measured-OP6,100,100,100,100,0,0,1.0,1.0,23.11518445,11.8350196,56.542057747512935,104.62782141868148,11.28016485,1.95311754701,-48.0857636712,0.540411307249
final-20260805T122631Z-11a3fbb-n0100-c01-r06,6,OP1,100,1,n0100-c01-r06-attempt01,n0100-c01-r06-attempt01,n0100-c01-r06-attempt01-fabric-measured-OP1,n0100-c01-r06-attempt01-traditional-measured-OP1,100,100,100,100,0,0,1.0,1.0,2238.95411435,51.50478459999998,0.4745586909052439,49.99514524641842,2187.44932975,43.4707985236,-49.5205865555,0.00949209545379
final-20260805T122631Z-11a3fbb-n0100-c01-r06,6,OP2,100,1,n0100-c01-r06-attempt01,n0100-c01-r06-attempt01,n0100-c01-r06-attempt01-fabric-measured-OP2,n0100-c01-r06-attempt01-traditional-measured-OP2,100,100,100,100,0,0,1.0,1.0,26.7021802,8.82118485,46.84136255883984,143.24202148171375,17.88099535,3.02705142836,-96.4006589229,0.327008527765
final-20260805T122631Z-11a3fbb-n0100-c01-r06,6,OP3,100,1,n0100-c01-r06-attempt01,n0100-c01-r06-attempt01,n0100-c01-r06-attempt01-fabric-measured-OP3,n0100-c01-r06-attempt01-traditional-measured-OP3,100,100,100,100,0,0,1.0,1.0,2167.74326895,16.89573195,0.4759107059721835,77.08734774850856,2150.847537,128.301234617,-76.6114370425,0.00617365520896
final-20260805T122631Z-11a3fbb-n0100-c01-r06,6,OP4,100,1,n0100-c01-r06-attempt01,n0100-c01-r06-attempt01,n0100-c01-r06-attempt01-fabric-measured-OP4,n0100-c01-r06-attempt01-traditional-measured-OP4,100,100,100,100,0,0,1.0,1.0,2217.20134835,15.02096725,0.4799428427959399,82.18723629557462,2202.1803811,147.607095565,-81.7072934528,0.0058396274705
final-20260805T122631Z-11a3fbb-n0100-c01-r06,6,OP5,100,1,n0100-c01-r06-attempt01,n0100-c01-r06-attempt01,n0100-c01-r06-attempt01-fabric-measured-OP5,n0100-c01-r06-attempt01-traditional-measured-OP5,100,100,100,100,0,0,1.0,1.0,16.842445599999998,8.5969831,73.93466680952027,146.5223919087135,8.2454625,1.95911116773,-72.5877250992,0.504596368148
final-20260805T122631Z-11a3fbb-n0100-c01-r06,6,OP6,100,1,n0100-c01-r06-attempt01,n0100-c01-r06-attempt01,n0100-c01-r06-attempt01-fabric-measured-OP6,n0100-c01-r06-attempt01-traditional-measured-OP6,100,100,100,100,0,0,1.0,1.0,15.9150766,19.595939599999998,78.36028010806776,107.7542644216182,-3.680863,0.812161954204,-29.3939843136,0.727212797829
final-20260805T122631Z-11a3fbb-n0100-c01-r07,7,OP1,100,1,n0100-c01-r07-attempt01,n0100-c01-r07-attempt01,n0100-c01-r07-attempt01-fabric-measured-OP1,n0100-c01-r07-attempt01-traditional-measured-OP1,100,100,100,100,0,0,1.0,1.0,2231.0444166,43.60817459999998,0.475417307816417,24.235408370775303,2187.436242,51.1611512535,-23.759991063,0.0196166410957
final-20260805T122631Z-11a3fbb-n0100-c01-r07,7,OP2,100,1,n0100-c01-r07-attempt01,n0100-c01-r07-attempt01,n0100-c01-r07-attempt01-fabric-measured-OP2,n0100-c01-r07-attempt01-traditional-measured-OP2,100,100,100,100,0,0,1.0,1.0,24.53970025,8.515100499999999,50.13032523522829,144.8530104076888,16.02459975,2.88190377201,-94.7226851725,0.346077206778
final-20260805T122631Z-11a3fbb-n0100-c01-r07,7,OP3,100,1,n0100-c01-r07-attempt01,n0100-c01-r07-attempt01,n0100-c01-r07-attempt01-fabric-measured-OP3,n0100-c01-r07-attempt01-traditional-measured-OP3,100,100,100,100,0,0,1.0,1.0,2249.7681414000003,70.93946795,0.4777125052138599,21.67054877283728,2178.82867345,31.7139133745,-21.1928362676,0.0220443196996
final-20260805T122631Z-11a3fbb-n0100-c01-r07,7,OP4,100,1,n0100-c01-r07-attempt01,n0100-c01-r07-attempt01,n0100-c01-r07-attempt01-fabric-measured-OP4,n0100-c01-r07-attempt01-traditional-measured-OP4,100,100,100,100,0,0,1.0,1.0,2200.6325381999995,57.50376354999999,0.479456027637442,24.840483481855998,2143.12877465,38.2693653831,-24.3610274542,0.0193013967698
final-20260805T122631Z-11a3fbb-n0100-c01-r07,7,OP5,100,1,n0100-c01-r07-attempt01,n0100-c01-r07-attempt01,n0100-c01-r07-attempt01-fabric-measured-OP5,n0100-c01-r07-attempt01-traditional-measured-OP5,100,100,100,100,0,0,1.0,1.0,15.217678649999996,8.15151485,77.78286199405424,154.5784913276203,7.0661638,1.86685284024,-76.7956293336,0.503193305395
final-20260805T122631Z-11a3fbb-n0100-c01-r07,7,OP6,100,1,n0100-c01-r07-attempt01,n0100-c01-r07-attempt01,n0100-c01-r07-attempt01-fabric-measured-OP6,n0100-c01-r07-attempt01-traditional-measured-OP6,100,100,100,100,0,0,1.0,1.0,14.926592349999998,9.83873405,84.5036165959235,128.5079499399954,5.0878583,1.51712530028,-44.0043333441,0.657575011004
final-20260805T122631Z-11a3fbb-n0100-c01-r08,8,OP1,100,1,n0100-c01-r08-attempt01,n0100-c01-r08-attempt01,n0100-c01-r08-attempt01-fabric-measured-OP1,n0100-c01-r08-attempt01-traditional-measured-OP1,100,100,100,100,0,0,1.0,1.0,2290.9718772,15.496614849999998,0.4778156515969716,87.6285010518439,2275.47526235,147.836924346,-87.1506854002,0.00545274249658
final-20260805T122631Z-11a3fbb-n0100-c01-r08,8,OP2,100,1,n0100-c01-r08-attempt01,n0100-c01-r08-attempt01,n0100-c01-r08-attempt01-fabric-measured-OP2,n0100-c01-r08-attempt01-traditional-measured-OP2,100,100,100,100,0,0,1.0,1.0,23.5225555,8.482495449999998,50.92299859849113,143.83521243874029,15.04006005,2.77307021721,-92.9122138402,0.354037079899
final-20260805T122631Z-11a3fbb-n0100-c01-r08,8,OP3,100,1,n0100-c01-r08-attempt01,n0100-c01-r08-attempt01,n0100-c01-r08-attempt01-fabric-measured-OP3,n0100-c01-r08-attempt01-traditional-measured-OP3,100,100,100,100,0,0,1.0,1.0,2189.9790027,16.2060249,0.4787211652081862,78.16837324862303,2173.7729778,135.133631857,-77.6896520834,0.00612423087897
final-20260805T122631Z-11a3fbb-n0100-c01-r08,8,OP4,100,1,n0100-c01-r08-attempt01,n0100-c01-r08-attempt01,n0100-c01-r08-attempt01-fabric-measured-OP4,n0100-c01-r08-attempt01-traditional-measured-OP4,100,100,100,100,0,0,1.0,1.0,2194.00999815,14.222293,0.4795043071372086,85.35563669291668,2179.78770515,154.265560283,-84.8761323858,0.00561772280913
final-20260805T122631Z-11a3fbb-n0100-c01-r08,8,OP5,100,1,n0100-c01-r08-attempt01,n0100-c01-r08-attempt01,n0100-c01-r08-attempt01-fabric-measured-OP5,n0100-c01-r08-attempt01-traditional-measured-OP5,100,100,100,100,0,0,1.0,1.0,53.32467559999999,32.48287209999999,51.296192484866815,68.79324590663418,20.8418035,1.6416244055,-17.4970534218,0.745657394252
final-20260805T122631Z-11a3fbb-n0100-c01-r08,8,OP6,100,1,n0100-c01-r08-attempt01,n0100-c01-r08-attempt01,n0100-c01-r08-attempt01-fabric-measured-OP6,n0100-c01-r08-attempt01-traditional-measured-OP6,100,100,100,100,0,0,1.0,1.0,13.44325535,8.6597443,86.17455605800808,145.61350987000768,4.78351105,1.55238479155,-59.438953812,0.591803302694
final-20260805T122631Z-11a3fbb-n0100-c01-r09,9,OP1,100,1,n0100-c01-r09-attempt01,n0100-c01-r09-attempt01,n0100-c01-r09-attempt01-fabric-measured-OP1,n0100-c01-r09-attempt01-traditional-measured-OP1,100,100,100,100,0,0,1.0,1.0,2246.0014442,15.5898337,0.4778265259279231,77.76422738707699,2230.4116105,144.068338856,-77.2864008611,0.00614455440481
final-20260805T122631Z-11a3fbb-n0100-c01-r09,9,OP2,100,1,n0100-c01-r09-attempt01,n0100-c01-r09-attempt01,n0100-c01-r09-attempt01-fabric-measured-OP2,n0100-c01-r09-attempt01-traditional-measured-OP2,100,100,100,100,0,0,1.0,1.0,24.32767615,8.3196769,49.93735361485884,159.1174435157898,16.00799925,2.92411309266,-109.180089901,0.313839592388
final-20260805T122631Z-11a3fbb-n0100-c01-r09,9,OP3,100,1,n0100-c01-r09-attempt01,n0100-c01-r09-attempt01,n0100-c01-r09-attempt01-fabric-measured-OP3,n0100-c01-r09-attempt01-traditional-measured-OP3,100,100,100,100,0,0,1.0,1.0,2181.7317845,71.28879509999994,0.4785725395845527,40.46008515818622,2110.4429894,30.6041332504,-39.9815126186,0.0118282632801
final-20260805T122631Z-11a3fbb-n0100-c01-r09,9,OP4,100,1,n0100-c01-r09-attempt01,n0100-c01-r09-attempt01,n0100-c01-r09-attempt01-fabric-measured-OP4,n0100-c01-r09-attempt01-traditional-measured-OP4,100,100,100,100,0,0,1.0,1.0,2128.0508405999994,14.3477507,0.4799872801658161,87.137522816492,2113.7030899,148.319474257,-86.6575355363,0.00550838794415
final-20260805T122631Z-11a3fbb-n0100-c01-r09,9,OP5,100,1,n0100-c01-r09-attempt01,n0100-c01-r09-attempt01,n0100-c01-r09-attempt01-fabric-measured-OP5,n0100-c01-r09-attempt01-traditional-measured-OP5,100,100,100,100,0,0,1.0,1.0,44.13151649999999,9.10066175,45.95167441704992,137.65216562494675,35.03085475,4.84926456035,-91.7004912079,0.33382456577
final-20260805T122631Z-11a3fbb-n0100-c01-r09,9,OP6,100,1,n0100-c01-r09-attempt01,n0100-c01-r09-attempt01,n0100-c01-r09-attempt01-fabric-measured-OP6,n0100-c01-r09-attempt01-traditional-measured-OP6,100,100,100,100,0,0,1.0,1.0,14.78647565,14.8982419,84.59007496563616,109.60823677138136,-0.11176625,0.992498024213,-25.0181618057,0.771749254046
final-20260805T122631Z-11a3fbb-n0100-c01-r10,10,OP1,100,1,n0100-c01-r10-attempt01,n0100-c01-r10-attempt01,n0100-c01-r10-attempt01-fabric-measured-OP1,n0100-c01-r10-attempt01-traditional-measured-OP1,100,100,100,100,0,0,1.0,1.0,2241.3263540000003,22.30755935,0.4782830699256677,76.95484305354496,2219.01879465,100.473849193,-76.4765599836,0.00621511331773
final-20260805T122631Z-11a3fbb-n0100-c01-r10,10,OP2,100,1,n0100-c01-r10-attempt01,n0100-c01-r10-attempt01,n0100-c01-r10-attempt01-fabric-measured-OP2,n0100-c01-r10-attempt01-traditional-measured-OP2,100,100,100,100,0,0,1.0,1.0,24.8097575,29.49138064999999,49.34469295404456,64.91081185321354,-4.68162315,0.841254527702,-15.5661188992,0.760192201349
final-20260805T122631Z-11a3fbb-n0100-c01-r10,10,OP3,100,1,n0100-c01-r10-attempt01,n0100-c01-r10-attempt01,n0100-c01-r10-attempt01-fabric-measured-OP3,n0100-c01-r10-attempt01-traditional-measured-OP3,100,100,100,100,0,0,1.0,1.0,2147.62600445,16.25835055,0.4795888487723049,79.39541320185216,2131.3676539,132.093719953,-78.9158243531,0.006040510773
final-20260805T122631Z-11a3fbb-n0100-c01-r10,10,OP4,100,1,n0100-c01-r10-attempt01,n0100-c01-r10-attempt01,n0100-c01-r10-attempt01-fabric-measured-OP4,n0100-c01-r10-attempt01-traditional-measured-OP4,100,100,100,100,0,0,1.0,1.0,3322.6738996,14.8986241,0.4212829435105313,84.30245297612545,3307.7752755,223.018842364,-83.8811700326,0.0049972797782
final-20260805T122631Z-11a3fbb-n0100-c01-r10,10,OP5,100,1,n0100-c01-r10-attempt01,n0100-c01-r10-attempt01,n0100-c01-r10-attempt01-fabric-measured-OP5,n0100-c01-r10-attempt01-traditional-measured-OP5,100,100,100,100,0,0,1.0,1.0,15.41065075,8.38415935,77.01505630102899,145.95734590105482,7.0264914,1.83806749212,-68.9422896,0.527654540617
final-20260805T122631Z-11a3fbb-n0100-c01-r10,10,OP6,100,1,n0100-c01-r10-attempt01,n0100-c01-r10-attempt01,n0100-c01-r10-attempt01-fabric-measured-OP6,n0100-c01-r10-attempt01-traditional-measured-OP6,100,100,100,100,0,0,1.0,1.0,17.628801549999988,9.3492687,76.7126830662263,126.75788805686152,8.27953285,1.88558079949,-50.0452049906,0.605190605825
final-20260805T122631Z-11a3fbb-n0100-c05-r01,1,OP1,100,5,n0100-c05-r01-attempt01,n0100-c05-r01-attempt01,n0100-c05-r01-attempt01-fabric-measured-OP1,n0100-c05-r01-attempt01-traditional-measured-OP1,100,100,100,100,0,0,1.0,1.0,2225.4593285999995,41.50715514999998,2.345850397215873,163.33794764124335,2183.95217345,53.6162818328,-160.992097244,0.0143619436334
final-20260805T122631Z-11a3fbb-n0100-c05-r01,1,OP2,100,5,n0100-c05-r01-attempt01,n0100-c05-r01-attempt01,n0100-c05-r01-attempt01-fabric-measured-OP2,n0100-c05-r01-attempt01-traditional-measured-OP2,100,100,100,100,0,0,1.0,1.0,248.3616836,17.78641235,46.534166893039874,369.5623797146056,230.57527125,13.9635626743,-323.028212822,0.125916947848
final-20260805T122631Z-11a3fbb-n0100-c05-r01,1,OP3,100,5,n0100-c05-r01-attempt01,n0100-c05-r01-attempt01,n0100-c05-r01-attempt01-fabric-measured-OP3,n0100-c05-r01-attempt01-traditional-measured-OP3,100,100,100,100,0,0,1.0,1.0,2214.59884145,166.75220025000002,2.367344243506742,71.29686269705793,2047.8466412,13.2807773339,-68.9295184536,0.0332040450863
final-20260805T122631Z-11a3fbb-n0100-c05-r01,1,OP4,100,5,n0100-c05-r01-attempt01,n0100-c05-r01-attempt01,n0100-c05-r01-attempt01-fabric-measured-OP4,n0100-c05-r01-attempt01-traditional-measured-OP4,100,100,100,100,0,0,1.0,1.0,2208.80604725,33.99075905,2.3760207891402576,187.09272964705983,2174.8152882,64.9825455207,-184.716708858,0.0126996959937
final-20260805T122631Z-11a3fbb-n0100-c05-r01,1,OP5,100,5,n0100-c05-r01-attempt01,n0100-c05-r01-attempt01,n0100-c05-r01-attempt01-fabric-measured-OP5,n0100-c05-r01-attempt01-traditional-measured-OP5,100,100,100,100,0,0,1.0,1.0,60.7539194,17.973376350000002,138.21393744231253,370.9831410866544,42.78054305,3.38021739583,-232.769203644,0.372561235633
final-20260805T122631Z-11a3fbb-n0100-c05-r01,1,OP6,100,5,n0100-c05-r01-attempt01,n0100-c05-r01-attempt01,n0100-c05-r01-attempt01-fabric-measured-OP6,n0100-c05-r01-attempt01-traditional-measured-OP6,100,100,100,100,0,0,1.0,1.0,89.90714759999999,23.9664804,90.78191147573118,308.923816804173,65.9406672,3.75137050161,-218.141905328,0.293865045482
final-20260805T122631Z-11a3fbb-n0100-c05-r02,2,OP1,100,5,n0100-c05-r02-attempt01,n0100-c05-r02-attempt01,n0100-c05-r02-attempt01-fabric-measured-OP1,n0100-c05-r02-attempt01-traditional-measured-OP1,100,100,100,100,0,0,1.0,1.0,2264.40444815,50.27816395,2.3560913582631846,139.5567577173146,2214.1262842,45.0375326037,-137.200666359,0.0168826748113
final-20260805T122631Z-11a3fbb-n0100-c05-r02,2,OP2,100,5,n0100-c05-r02-attempt01,n0100-c05-r02-attempt01,n0100-c05-r02-attempt01-fabric-measured-OP2,n0100-c05-r02-attempt01-traditional-measured-OP2,100,100,100,100,0,0,1.0,1.0,75.30868775,18.29504165,91.39810132801514,374.05764778965295,57.0136461,4.11634415437,-282.659546462,0.244342287527
final-20260805T122631Z-11a3fbb-n0100-c05-r02,2,OP3,100,5,n0100-c05-r02-attempt01,n0100-c05-r02-attempt01,n0100-c05-r02-attempt01-fabric-measured-OP3,n0100-c05-r02-attempt01-traditional-measured-OP3,100,100,100,100,0,0,1.0,1.0,2234.62783505,40.88619739999999,2.366179992109091,172.993006198957,2193.74163765,54.6548218507,-170.626826207,0.0136778939455
final-20260805T122631Z-11a3fbb-n0100-c05-r02,2,OP4,100,5,n0100-c05-r02-attempt01,n0100-c05-r02-attempt01,n0100-c05-r02-attempt01-fabric-measured-OP4,n0100-c05-r02-attempt01-traditional-measured-OP4,100,100,100,100,0,0,1.0,1.0,2167.649224,34.5563134,2.3819003771890785,155.5426244676229,2133.0929106,62.7280230651,-153.16072409,0.0153134896967
final-20260805T122631Z-11a3fbb-n0100-c05-r02,2,OP5,100,5,n0100-c05-r02-attempt01,n0100-c05-r02-attempt01,n0100-c05-r02-attempt01-fabric-measured-OP5,n0100-c05-r02-attempt01-traditional-measured-OP5,100,100,100,100,0,0,1.0,1.0,163.70870964999995,70.95293709999999,64.90331305425856,110.98314852737592,92.75577255,2.30728587626,-46.0798354731,0.584803313976
final-20260805T122631Z-11a3fbb-n0100-c05-r02,2,OP6,100,5,n0100-c05-r02-attempt01,n0100-c05-r02-attempt01,n0100-c05-r02-attempt01-fabric-measured-OP6,n0100-c05-r02-attempt01-traditional-measured-OP6,100,100,100,100,0,0,1.0,1.0,50.31020535,19.1748653,145.726188396192,341.6046873355494,31.13534005,2.62375795412,-195.878498939,0.426593058581
final-20260805T122631Z-11a3fbb-n0100-c05-r03,3,OP1,100,5,n0100-c05-r03-attempt01,n0100-c05-r03-attempt01,n0100-c05-r03-attempt01-fabric-measured-OP1,n0100-c05-r03-attempt01-traditional-measured-OP1,100,100,100,100,0,0,1.0,1.0,2328.58108085,50.69586149999999,2.3419578237646443,153.69956064381162,2277.88521935,45.9323702557,-151.35760282,0.0152372447517
final-20260805T122631Z-11a3fbb-n0100-c05-r03,3,OP2,100,5,n0100-c05-r03-attempt01,n0100-c05-r03-attempt01,n0100-c05-r03-attempt01-fabric-measured-OP2,n0100-c05-r03-attempt01-traditional-measured-OP2,100,100,100,100,0,0,1.0,1.0,63.70230775,19.344699899999995,95.12501569277384,351.3066289730579,44.35760785,3.29301090631,-256.18161328,0.270774895341
final-20260805T122631Z-11a3fbb-n0100-c05-r03,3,OP3,100,5,n0100-c05-r03-attempt01,n0100-c05-r03-attempt01,n0100-c05-r03-attempt01-fabric-measured-OP3,n0100-c05-r03-attempt01-traditional-measured-OP3,100,100,100,100,0,0,1.0,1.0,2242.7556965500003,129.3986287,2.371965348239353,99.703512462618,2113.35706785,17.3321442359,-97.3315471144,0.0237901884262
final-20260805T122631Z-11a3fbb-n0100-c05-r03,3,OP4,100,5,n0100-c05-r03-attempt01,n0100-c05-r03-attempt01,n0100-c05-r03-attempt01-fabric-measured-OP4,n0100-c05-r03-attempt01-traditional-measured-OP4,100,100,100,100,0,0,1.0,1.0,2176.5943266,35.1573698,2.375146465936353,167.70075367502534,2141.4369568,61.9100444368,-165.325607209,0.0141630041242
final-20260805T122631Z-11a3fbb-n0100-c05-r03,3,OP5,100,5,n0100-c05-r03-attempt01,n0100-c05-r03-attempt01,n0100-c05-r03-attempt01-fabric-measured-OP5,n0100-c05-r03-attempt01-traditional-measured-OP5,100,100,100,100,0,0,1.0,1.0,51.77938175,17.91000285,135.25979622962913,378.8047886910406,33.8693789,2.89108729818,-243.544992461,0.357069921679
final-20260805T122631Z-11a3fbb-n0100-c05-r03,3,OP6,100,5,n0100-c05-r03-attempt01,n0100-c05-r03-attempt01,n0100-c05-r03-attempt01-fabric-measured-OP6,n0100-c05-r03-attempt01-traditional-measured-OP6,100,100,100,100,0,0,1.0,1.0,39.88650954999999,24.01495155,161.62743491750908,279.4930756946038,15.871558,1.66090318637,-117.865640777,0.578287796633
final-20260805T122631Z-11a3fbb-n0100-c05-r04,4,OP1,100,5,n0100-c05-r04-attempt01,n0100-c05-r04-attempt01,n0100-c05-r04-attempt01-fabric-measured-OP1,n0100-c05-r04-attempt01-traditional-measured-OP1,100,100,100,100,0,0,1.0,1.0,2171.39283405,43.67154674999998,2.361955741337118,155.93822442369154,2127.7212873,49.7209967506,-153.576268682,0.0151467399995
final-20260805T122631Z-11a3fbb-n0100-c05-r04,4,OP2,100,5,n0100-c05-r04-attempt01,n0100-c05-r04-attempt01,n0100-c05-r04-attempt01-fabric-measured-OP2,n0100-c05-r04-attempt01-traditional-measured-OP2,100,100,100,100,0,0,1.0,1.0,59.7310117,36.91904505,95.99337928287456,320.0348515393047,22.81196665,1.61789156841,-224.041472256,0.299946642752
final-20260805T122631Z-11a3fbb-n0100-c05-r04,4,OP3,100,5,n0100-c05-r04-attempt01,n0100-c05-r04-attempt01,n0100-c05-r04-attempt01-fabric-measured-OP3,n0100-c05-r04-attempt01-traditional-measured-OP3,100,100,100,100,0,0,1.0,1.0,2253.67529325,32.22218945,2.351999679134183,173.3067333378132,2221.4531038,69.9417181674,-170.954733659,0.0135713115921
final-20260805T122631Z-11a3fbb-n0100-c05-r04,4,OP4,100,5,n0100-c05-r04-attempt01,n0100-c05-r04-attempt01,n0100-c05-r04-attempt01-fabric-measured-OP4,n0100-c05-r04-attempt01-traditional-measured-OP4,100,100,100,100,0,0,1.0,1.0,2258.1155872,33.5710297,2.374978899618715,173.735521428911,2224.5445575,67.2638166711,-171.360542529,0.0136700824338
final-20260805T122631Z-11a3fbb-n0100-c05-r04,4,OP5,100,5,n0100-c05-r04-attempt01,n0100-c05-r04-attempt01,n0100-c05-r04-attempt01-fabric-measured-OP5,n0100-c05-r04-attempt01-traditional-measured-OP5,100,100,100,100,0,0,1.0,1.0,52.5587823,78.02633279999999,139.85833754584317,157.41856052699652,-25.4675505,0.67360313389,-17.5602229812,0.888448840325
final-20260805T122631Z-11a3fbb-n0100-c05-r04,4,OP6,100,5,n0100-c05-r04-attempt01,n0100-c05-r04-attempt01,n0100-c05-r04-attempt01-fabric-measured-OP6,n0100-c05-r04-attempt01-traditional-measured-OP6,100,100,100,100,0,0,1.0,1.0,48.2037055,21.8694258,147.69439944491484,319.6780611755758,26.3342797,2.20415963093,-171.983661731,0.46200980731
final-20260805T122631Z-11a3fbb-n0100-c05-r05,5,OP1,100,5,n0100-c05-r05-attempt01,n0100-c05-r05-attempt01,n0100-c05-r05-attempt01-fabric-measured-OP1,n0100-c05-r05-attempt01-traditional-measured-OP1,100,100,100,100,0,0,1.0,1.0,2209.5954361500003,46.9189334,2.360967490218909,149.92162322420273,2162.67650275,47.0938974105,-147.560655734,0.0157480117907
final-20260805T122631Z-11a3fbb-n0100-c05-r05,5,OP2,100,5,n0100-c05-r05-attempt01,n0100-c05-r05-attempt01,n0100-c05-r05-attempt01-fabric-measured-OP2,n0100-c05-r05-attempt01-traditional-measured-OP2,100,100,100,100,0,0,1.0,1.0,79.3298691,24.602265849999995,85.2941557760551,305.3525163193973,54.72760325,3.22449442599,-220.058360543,0.279330122457
final-20260805T122631Z-11a3fbb-n0100-c05-r05,5,OP3,100,5,n0100-c05-r05-attempt01,n0100-c05-r05-attempt01,n0100-c05-r05-attempt01-fabric-measured-OP3,n0100-c05-r05-attempt01-traditional-measured-OP3,100,100,100,100,0,0,1.0,1.0,2157.28527455,143.69239349999998,2.3844383812686707,76.69691830117942,2013.59288105,15.0132183201,-74.3124799199,0.031089102849
final-20260805T122631Z-11a3fbb-n0100-c05-r05,5,OP4,100,5,n0100-c05-r05-attempt01,n0100-c05-r05-attempt01,n0100-c05-r05-attempt01-fabric-measured-OP4,n0100-c05-r05-attempt01-traditional-measured-OP4,100,100,100,100,0,0,1.0,1.0,2273.2468103,36.82011015,2.3693490001927744,165.98407073115058,2236.42670015,61.7392723987,-163.614721731,0.0142745565268
final-20260805T122631Z-11a3fbb-n0100-c05-r05,5,OP5,100,5,n0100-c05-r05-attempt01,n0100-c05-r05-attempt01,n0100-c05-r05-attempt01-fabric-measured-OP5,n0100-c05-r05-attempt01-traditional-measured-OP5,100,100,100,100,0,0,1.0,1.0,146.75015074999996,19.13976555,69.15616227553782,368.114942388852,127.6103852,7.66729092719,-298.958780113,0.187865675397
final-20260805T122631Z-11a3fbb-n0100-c05-r05,5,OP6,100,5,n0100-c05-r05-attempt01,n0100-c05-r05-attempt01,n0100-c05-r05-attempt01-fabric-measured-OP6,n0100-c05-r05-attempt01-traditional-measured-OP6,100,100,100,100,0,0,1.0,1.0,46.2719975,20.50104835,146.92273073243703,334.02611128207496,25.77094915,2.25705518616,-187.10338055,0.439854028682
final-20260805T122631Z-11a3fbb-n0100-c05-r06,6,OP1,100,5,n0100-c05-r06-attempt01,n0100-c05-r06-attempt01,n0100-c05-r06-attempt01-fabric-measured-OP1,n0100-c05-r06-attempt01-traditional-measured-OP1,100,100,100,100,0,0,1.0,1.0,2268.6838563999995,136.22662425,2.339598964672562,78.2588228928453,2132.45723215,16.6537478917,-75.9192239282,0.0298956574887
final-20260805T122631Z-11a3fbb-n0100-c05-r06,6,OP2,100,5,n0100-c05-r06-attempt01,n0100-c05-r06-attempt01,n0100-c05-r06-attempt01-fabric-measured-OP2,n0100-c05-r06-attempt01-traditional-measured-OP2,100,100,100,100,0,0,1.0,1.0,75.44981989999998,29.734626349999992,87.7368695547587,301.28809730369056,45.71519355,2.53743965073,-213.551227749,0.291205893429
final-20260805T122631Z-11a3fbb-n0100-c05-r06,6,OP3,100,5,n0100-c05-r06-attempt01,n0100-c05-r06-attempt01,n0100-c05-r06-attempt01-fabric-measured-OP3,n0100-c05-r06-attempt01-traditional-measured-OP3,100,100,100,100,0,0,1.0,1.0,2222.2986249499995,49.18273624999999,2.360407487083699,154.96796455746278,2173.1158887,45.1845260023,-152.60755707,0.0152315834684
final-20260805T122631Z-11a3fbb-n0100-c05-r06,6,OP4,100,5,n0100-c05-r06-attempt01,n0100-c05-r06-attempt01,n0100-c05-r06-attempt01-fabric-measured-OP4,n0100-c05-r06-attempt01-traditional-measured-OP4,100,100,100,100,0,0,1.0,1.0,2209.98927215,34.33413625,2.3744997277501785,172.54960868544055,2175.6551359,64.3671142928,-170.175108958,0.0137612582598
final-20260805T122631Z-11a3fbb-n0100-c05-r06,6,OP5,100,5,n0100-c05-r06-attempt01,n0100-c05-r06-attempt01,n0100-c05-r06-attempt01-fabric-measured-OP5,n0100-c05-r06-attempt01-traditional-measured-OP5,100,100,100,100,0,0,1.0,1.0,40.8165543,18.6252104,155.39311429304342,371.0508556514362,22.1913439,2.19146809209,-215.657741358,0.418791957831
final-20260805T122631Z-11a3fbb-n0100-c05-r06,6,OP6,100,5,n0100-c05-r06-attempt01,n0100-c05-r06-attempt01,n0100-c05-r06-attempt01-fabric-measured-OP6,n0100-c05-r06-attempt01-traditional-measured-OP6,100,100,100,100,0,0,1.0,1.0,62.52191719999998,106.24409555,126.51920849542678,88.46144241282619,-43.72217835,0.588474275924,38.0577660826,1.4302186924
final-20260805T122631Z-11a3fbb-n0100-c05-r07,7,OP1,100,5,n0100-c05-r07-attempt01,n0100-c05-r07-attempt01,n0100-c05-r07-attempt01-fabric-measured-OP1,n0100-c05-r07-attempt01-traditional-measured-OP1,100,100,100,100,0,0,1.0,1.0,2187.6062631,84.90661039999995,2.36236491442116,129.13771809039335,2102.6996527,25.7648521451,-126.775353176,0.018293376632
final-20260805T122631Z-11a3fbb-n0100-c05-r07,7,OP2,100,5,n0100-c05-r07-attempt01,n0100-c05-r07-attempt01,n0100-c05-r07-attempt01-fabric-measured-OP2,n0100-c05-r07-attempt01-traditional-measured-OP2,100,100,100,100,0,0,1.0,1.0,64.80496854999998,19.6777964,98.78936117493087,338.70652051069345,45.12717215,3.29330415015,-239.917159336,0.291666546679
final-20260805T122631Z-11a3fbb-n0100-c05-r07,7,OP3,100,5,n0100-c05-r07-attempt01,n0100-c05-r07-attempt01,n0100-c05-r07-attempt01-fabric-measured-OP3,n0100-c05-r07-attempt01-traditional-measured-OP3,100,100,100,100,0,0,1.0,1.0,2197.25097725,34.2436766,2.364869134236616,167.08421932038036,2163.00730065,64.1651596853,-164.719350186,0.0141537551772
final-20260805T122631Z-11a3fbb-n0100-c05-r07,7,OP4,100,5,n0100-c05-r07-attempt01,n0100-c05-r07-attempt01,n0100-c05-r07-attempt01-fabric-measured-OP4,n0100-c05-r07-attempt01-traditional-measured-OP4,100,100,100,100,0,0,1.0,1.0,2209.41721955,35.3456959,2.381564028402132,157.54943847418636,2174.07152365,62.5088051966,-155.167874446,0.0151162965192
final-20260805T122631Z-11a3fbb-n0100-c05-r07,7,OP5,100,5,n0100-c05-r07-attempt01,n0100-c05-r07-attempt01,n0100-c05-r07-attempt01-fabric-measured-OP5,n0100-c05-r07-attempt01-traditional-measured-OP5,100,100,100,100,0,0,1.0,1.0,145.6230718,65.97750844999999,76.30171374114502,144.0299082367739,79.64556335,2.20716233791,-67.7281944956,0.529762982392
final-20260805T122631Z-11a3fbb-n0100-c05-r07,7,OP6,100,5,n0100-c05-r07-attempt01,n0100-c05-r07-attempt01,n0100-c05-r07-attempt01-fabric-measured-OP6,n0100-c05-r07-attempt01-traditional-measured-OP6,100,100,100,100,0,0,1.0,1.0,35.845676049999994,42.9218182,176.72621438787843,244.48728361494045,-7.07614215,0.835138807097,-67.7610692271,0.722844197763
final-20260805T122631Z-11a3fbb-n0100-c05-r08,8,OP1,100,5,n0100-c05-r08-attempt01,n0100-c05-r08-attempt01,n0100-c05-r08-attempt01-fabric-measured-OP1,n0100-c05-r08-attempt01-traditional-measured-OP1,100,100,100,100,0,0,1.0,1.0,2208.50010235,3761.530798999999,2.3619832902800195,1.8576717358083548,-1553.03069665,0.5871280126,0.504311554472,1.27147506459
final-20260805T122631Z-11a3fbb-n0100-c05-r08,8,OP2,100,5,n0100-c05-r08-attempt01,n0100-c05-r08-attempt01,n0100-c05-r08-attempt01-fabric-measured-OP2,n0100-c05-r08-attempt01-traditional-measured-OP2,100,100,100,100,0,0,1.0,1.0,66.6790255,36.88018859999999,94.00658904591494,273.7337381800574,29.7988369,1.80799036098,-179.727149134,0.343423465704
final-20260805T122631Z-11a3fbb-n0100-c05-r08,8,OP3,100,5,n0100-c05-r08-attempt01,n0100-c05-r08-attempt01,n0100-c05-r08-attempt01-fabric-measured-OP3,n0100-c05-r08-attempt01-traditional-measured-OP3,100,100,100,100,0,0,1.0,1.0,2185.43752155,3098.22853435,2.374758387815964,4.85663438954364,-912.7910128,0.705382930058,-2.48187600173,0.488972032346
final-20260805T122631Z-11a3fbb-n0100-c05-r08,8,OP4,100,5,n0100-c05-r08-attempt01,n0100-c05-r08-attempt01,n0100-c05-r08-attempt01-fabric-measured-OP4,n0100-c05-r08-attempt01-traditional-measured-OP4,100,100,100,100,0,0,1.0,1.0,2258.3652997,30.2511273,2.372010870743366,182.92838784046543,2228.1141724,74.6539220606,-180.55637697,0.0129668822797
final-20260805T122631Z-11a3fbb-n0100-c05-r08,8,OP5,100,5,n0100-c05-r08-attempt01,n0100-c05-r08-attempt01,n0100-c05-r08-attempt01-fabric-measured-OP5,n0100-c05-r08-attempt01-traditional-measured-OP5,100,100,100,100,0,0,1.0,1.0,61.09062355,84.69887335,129.81627533541814,113.52942614153817,-23.6082498,0.721268431725,16.2868491939,1.14345927525
final-20260805T122631Z-11a3fbb-n0100-c05-r08,8,OP6,100,5,n0100-c05-r08-attempt01,n0100-c05-r08-attempt01,n0100-c05-r08-attempt01-fabric-measured-OP6,n0100-c05-r08-attempt01-traditional-measured-OP6,100,100,100,100,0,0,1.0,1.0,38.437341,20.9491985,165.1241672394012,301.805946725824,17.4881425,1.83478814237,-136.681779486,0.547120323608
final-20260805T122631Z-11a3fbb-n0100-c05-r09,9,OP1,100,5,n0100-c05-r09-attempt01,n0100-c05-r09-attempt01,n0100-c05-r09-attempt01-fabric-measured-OP1,n0100-c05-r09-attempt01-traditional-measured-OP1,100,100,100,100,0,0,1.0,1.0,2228.0842848,43.76404394999999,2.35236956267778,167.71721431273616,2184.32024085,50.911298036,-165.36484475,0.0140258086942
final-20260805T122631Z-11a3fbb-n0100-c05-r09,9,OP2,100,5,n0100-c05-r09-attempt01,n0100-c05-r09-attempt01,n0100-c05-r09-attempt01-fabric-measured-OP2,n0100-c05-r09-attempt01-traditional-measured-OP2,100,100,100,100,0,0,1.0,1.0,69.17284399999998,18.1704168,92.73657213153054,355.038221000613,51.0024272,3.80689363163,-262.301648869,0.26120165843
final-20260805T122631Z-11a3fbb-n0100-c05-r09,9,OP3,100,5,n0100-c05-r09-attempt01,n0100-c05-r09-attempt01,n0100-c05-r09-attempt01-fabric-measured-OP3,n0100-c05-r09-attempt01-traditional-measured-OP3,100,100,100,100,0,0,1.0,1.0,2151.9060031,117.11378264999996,2.382876597093459,89.14455046753494,2034.79222045,18.374489786,-86.7616738704,0.0267304797051
final-20260805T122631Z-11a3fbb-n0100-c05-r09,9,OP4,100,5,n0100-c05-r09-attempt01,n0100-c05-r09-attempt01,n0100-c05-r09-attempt01-fabric-measured-OP4,n0100-c05-r09-attempt01-traditional-measured-OP4,100,100,100,100,0,0,1.0,1.0,2232.79760805,94.33293645,2.370951991434482,89.0854167028539,2138.4646716,23.6693321768,-86.7144647114,0.0266143671903
final-20260805T122631Z-11a3fbb-n0100-c05-r09,9,OP5,100,5,n0100-c05-r09-attempt01,n0100-c05-r09-attempt01,n0100-c05-r09-attempt01-fabric-measured-OP5,n0100-c05-r09-attempt01-traditional-measured-OP5,100,100,100,100,0,0,1.0,1.0,44.16577745,19.47132675,153.79353374349168,354.39139149004984,24.6944507,2.26824694676,-200.597857747,0.433965207498
final-20260805T122631Z-11a3fbb-n0100-c05-r09,9,OP6,100,5,n0100-c05-r09-attempt01,n0100-c05-r09-attempt01,n0100-c05-r09-attempt01-fabric-measured-OP6,n0100-c05-r09-attempt01-traditional-measured-OP6,100,100,100,100,0,0,1.0,1.0,42.7268096,18.49927015,173.46832288971055,345.88146436762537,24.22753945,2.30964839443,-172.413141478,0.501525351198
final-20260805T122631Z-11a3fbb-n0100-c05-r10,10,OP1,100,5,n0100-c05-r10-attempt01,n0100-c05-r10-attempt01,n0100-c05-r10-attempt01-fabric-measured-OP1,n0100-c05-r10-attempt01-traditional-measured-OP1,100,100,100,100,0,0,1.0,1.0,2297.1489095,47.34092024999999,2.349604132901565,155.57695876178963,2249.80798925,48.5235372986,-153.227354629,0.0151025200107
final-20260805T122631Z-11a3fbb-n0100-c05-r10,10,OP2,100,5,n0100-c05-r10-attempt01,n0100-c05-r10-attempt01,n0100-c05-r10-attempt01-fabric-measured-OP2,n0100-c05-r10-attempt01-traditional-measured-OP2,100,100,100,100,0,0,1.0,1.0,70.41896145,27.24038615,93.23582760318055,311.11694324019203,43.1785753,2.5850940975,-217.881115637,0.299680970866
final-20260805T122631Z-11a3fbb-n0100-c05-r10,10,OP3,100,5,n0100-c05-r10-attempt01,n0100-c05-r10-attempt01,n0100-c05-r10-attempt01-fabric-measured-OP3,n0100-c05-r10-attempt01-traditional-measured-OP3,100,100,100,100,0,0,1.0,1.0,2195.80967925,63.86608805,2.373562525226381,156.35479826936626,2131.9435912,34.3814651295,-153.981235744,0.0151806183852
final-20260805T122631Z-11a3fbb-n0100-c05-r10,10,OP4,100,5,n0100-c05-r10-attempt01,n0100-c05-r10-attempt01,n0100-c05-r10-attempt01-fabric-measured-OP4,n0100-c05-r10-attempt01-traditional-measured-OP4,100,100,100,100,0,0,1.0,1.0,2230.49950205,45.87515805,2.3596330810644397,136.32418079957398,2184.624344,48.6210750406,-133.964547719,0.0173089841232
final-20260805T122631Z-11a3fbb-n0100-c05-r10,10,OP5,100,5,n0100-c05-r10-attempt01,n0100-c05-r10-attempt01,n0100-c05-r10-attempt01-fabric-measured-OP5,n0100-c05-r10-attempt01-traditional-measured-OP5,100,100,100,100,0,0,1.0,1.0,122.2887379499998,18.79816024999999,73.04805286532583,354.2831016604094,103.4905777,6.5053567117,-281.235048795,0.206185540668
final-20260805T122631Z-11a3fbb-n0100-c05-r10,10,OP6,100,5,n0100-c05-r10-attempt01,n0100-c05-r10-attempt01,n0100-c05-r10-attempt01-fabric-measured-OP6,n0100-c05-r10-attempt01-traditional-measured-OP6,100,100,100,100,0,0,1.0,1.0,39.1202002,20.30256635,165.51310514973918,329.95854374459714,18.81763385,1.92685986223,-164.445438595,0.501617879844
final-20260805T122631Z-11a3fbb-n0100-c10-r01,1,OP1,100,10,n0100-c10-r01-attempt01,n0100-c10-r01-attempt01,n0100-c10-r01-attempt01-fabric-measured-OP1,n0100-c10-r01-attempt01-traditional-measured-OP1,100,100,100,100,0,0,1.0,1.0,811.3874256500001,127.0764276,25.294164339788612,127.06200994565177,684.31099805,6.38503490359,-101.767845606,0.199069449245
final-20260805T122631Z-11a3fbb-n0100-c10-r01,1,OP2,100,10,n0100-c10-r01-attempt01,n0100-c10-r01-attempt01,n0100-c10-r01-attempt01-fabric-measured-OP2,n0100-c10-r01-attempt01-traditional-measured-OP2,100,100,100,100,0,0,1.0,1.0,512.4540995499999,61.35727224999995,32.75667012821905,315.1015562390059,451.0968273,8.3519700397,-282.344886111,0.103955913513
final-20260805T122631Z-11a3fbb-n0100-c10-r01,1,OP3,100,10,n0100-c10-r01-attempt01,n0100-c10-r01-attempt01,n0100-c10-r01-attempt01-fabric-measured-OP3,n0100-c10-r01-attempt01-traditional-measured-OP3,100,100,100,100,0,0,1.0,1.0,162.0797198,68.7505961,70.9532544619511,170.3734787524585,93.3291237,2.35750275626,-99.4202242905,0.416457156252
final-20260805T122631Z-11a3fbb-n0100-c10-r01,1,OP4,100,10,n0100-c10-r01-attempt01,n0100-c10-r01-attempt01,n0100-c10-r01-attempt01-fabric-measured-OP4,n0100-c10-r01-attempt01-traditional-measured-OP4,100,100,100,100,0,0,1.0,1.0,230.64979185,96.6949706,70.62236756625623,159.45297602819198,133.95482125,2.38533390536,-88.8306084619,0.44290404184
final-20260805T122631Z-11a3fbb-n0100-c10-r01,1,OP5,100,10,n0100-c10-r01-attempt01,n0100-c10-r01-attempt01,n0100-c10-r01-attempt01-fabric-measured-OP5,n0100-c10-r01-attempt01-traditional-measured-OP5,100,100,100,100,0,0,1.0,1.0,110.16290374999998,88.15209254999999,133.32083939307103,282.23898675390905,22.0108112,1.24969130696,-148.918147361,0.472368615429
final-20260805T122631Z-11a3fbb-n0100-c10-r01,1,OP6,100,10,n0100-c10-r01-attempt01,n0100-c10-r01-attempt01,n0100-c10-r01-attempt01-fabric-measured-OP6,n0100-c10-r01-attempt01-traditional-measured-OP6,100,100,100,100,0,0,1.0,1.0,349.24324204999994,80.94646924999999,52.47303784980024,274.7326109917001,268.2967728,4.31449629966,-222.259573142,0.190996757394
final-20260805T122631Z-11a3fbb-n0100-c10-r02,2,OP1,100,10,n0100-c10-r02-attempt01,n0100-c10-r02-attempt01,n0100-c10-r02-attempt01-fabric-measured-OP1,n0100-c10-r02-attempt01-traditional-measured-OP1,100,100,100,100,0,0,1.0,1.0,677.41595475,284.50117865,31.37037466635728,54.41116754651919,392.9147761,2.38106554765,-23.0407928802,0.576542942945
final-20260805T122631Z-11a3fbb-n0100-c10-r02,2,OP2,100,10,n0100-c10-r02-attempt01,n0100-c10-r02-attempt01,n0100-c10-r02-attempt01-fabric-measured-OP2,n0100-c10-r02-attempt01-traditional-measured-OP2,100,100,100,100,0,0,1.0,1.0,411.5190079999999,80.22686494999998,41.7796683969027,280.0367580729235,331.29214305,5.12944146897,-238.257089676,0.149193515467
final-20260805T122631Z-11a3fbb-n0100-c10-r02,2,OP3,100,10,n0100-c10-r02-attempt01,n0100-c10-r02-attempt01,n0100-c10-r02-attempt01-fabric-measured-OP3,n0100-c10-r02-attempt01-traditional-measured-OP3,100,100,100,100,0,0,1.0,1.0,153.83626255,68.0901503,72.31792241323531,183.1696209359096,85.74611225,2.25930273134,-110.851698523,0.394813954649
final-20260805T122631Z-11a3fbb-n0100-c10-r02,2,OP4,100,10,n0100-c10-r02-attempt01,n0100-c10-r02-attempt01,n0100-c10-r02-attempt01-fabric-measured-OP4,n0100-c10-r02-attempt01-traditional-measured-OP4,100,100,100,100,0,0,1.0,1.0,157.2970053,63.71552554999999,74.57501511061328,167.9281871497445,93.58147975,2.46873903875,-93.3531720391,0.4440887285
final-20260805T122631Z-11a3fbb-n0100-c10-r02,2,OP5,100,10,n0100-c10-r02-attempt01,n0100-c10-r02-attempt01,n0100-c10-r02-attempt01-fabric-measured-OP5,n0100-c10-r02-attempt01-traditional-measured-OP5,100,100,100,100,0,0,1.0,1.0,113.18762534999996,70.51535699999995,134.6041014006993,306.409572570872,42.67226835,1.60514858274,-171.80547117,0.43929470046
final-20260805T122631Z-11a3fbb-n0100-c10-r02,2,OP6,100,10,n0100-c10-r02-attempt01,n0100-c10-r02-attempt01,n0100-c10-r02-attempt01-fabric-measured-OP6,n0100-c10-r02-attempt01-traditional-measured-OP6,100,100,100,100,0,0,1.0,1.0,145.0508238,289.7272587,140.83690803108652,93.51149017759982,-144.6764349,0.500646105758,47.3254178535,1.5060920082
final-20260805T122631Z-11a3fbb-n0100-c10-r03,3,OP1,100,10,n0100-c10-r03-attempt01,n0100-c10-r03-attempt01,n0100-c10-r03-attempt01-fabric-measured-OP1,n0100-c10-r03-attempt01-traditional-measured-OP1,100,100,100,100,0,0,1.0,1.0,303.1458645,122.14026115,56.54043486683453,127.20703004563264,181.00560335,2.48194871737,-70.6665951788,0.44447570898
final-20260805T122631Z-11a3fbb-n0100-c10-r03,3,OP2,100,10,n0100-c10-r03-attempt01,n0100-c10-r03-attempt01,n0100-c10-r03-attempt01-fabric-measured-OP2,n0100-c10-r03-attempt01-traditional-measured-OP2,100,100,100,100,0,0,1.0,1.0,452.726654,78.45875989999999,38.33014480382419,309.647652586382,374.2678941,5.77024993228,-271.317507783,0.1237863245
final-20260805T122631Z-11a3fbb-n0100-c10-r03,3,OP3,100,10,n0100-c10-r03-attempt01,n0100-c10-r03-attempt01,n0100-c10-r03-attempt01-fabric-measured-OP3,n0100-c10-r03-attempt01-traditional-measured-OP3,100,100,100,100,0,0,1.0,1.0,155.71794025,65.30929374999998,73.54542125097433,169.96064647910706,90.4086465,2.38431517643,-96.4152252281,0.432720295989
final-20260805T122631Z-11a3fbb-n0100-c10-r03,3,OP4,100,10,n0100-c10-r03-attempt01,n0100-c10-r03-attempt01,n0100-c10-r03-attempt01-fabric-measured-OP4,n0100-c10-r03-attempt01-traditional-measured-OP4,100,100,100,100,0,0,1.0,1.0,167.4267411,68.38860584999999,72.18865036900564,155.1286775626485,99.03813525,2.44816719129,-82.9400271936,0.465346907504
final-20260805T122631Z-11a3fbb-n0100-c10-r03,3,OP5,100,10,n0100-c10-r03-attempt01,n0100-c10-r03-attempt01,n0100-c10-r03-attempt01-fabric-measured-OP5,n0100-c10-r03-attempt01-traditional-measured-OP5,100,100,100,100,0,0,1.0,1.0,100.4696294,370.73644565,140.69907868048375,76.43625733993493,-270.26681625,0.271000141958,64.2628213405,1.84073741411
final-20260805T122631Z-11a3fbb-n0100-c10-r03,3,OP6,100,10,n0100-c10-r03-attempt01,n0100-c10-r03-attempt01,n0100-c10-r03-attempt01-fabric-measured-OP6,n0100-c10-r03-attempt01-traditional-measured-OP6,100,100,100,100,0,0,1.0,1.0,163.27142045,110.52287629999996,118.28291829111105,260.58904020920943,52.74854415,1.47726358484,-142.306121918,0.453905959346
final-20260805T122631Z-11a3fbb-n0100-c10-r04,4,OP1,100,10,n0100-c10-r04-attempt01,n0100-c10-r04-attempt01,n0100-c10-r04-attempt01-fabric-measured-OP1,n0100-c10-r04-attempt01-traditional-measured-OP1,100,100,100,100,0,0,1.0,1.0,355.81181460000005,306.47978525,42.56271115589779,85.20457904437872,49.33202935,1.16096340354,-42.6418678885,0.499535490149
final-20260805T122631Z-11a3fbb-n0100-c10-r04,4,OP2,100,10,n0100-c10-r04-attempt01,n0100-c10-r04-attempt01,n0100-c10-r04-attempt01-fabric-measured-OP2,n0100-c10-r04-attempt01-traditional-measured-OP2,100,100,100,100,0,0,1.0,1.0,185.99700219999997,69.48509109999995,86.20744619851043,276.46043000577873,116.5119111,2.67679007476,-190.252983807,0.311825624364
final-20260805T122631Z-11a3fbb-n0100-c10-r04,4,OP3,100,10,n0100-c10-r04-attempt01,n0100-c10-r04-attempt01,n0100-c10-r04-attempt01-fabric-measured-OP3,n0100-c10-r04-attempt01-traditional-measured-OP3,100,100,100,100,0,0,1.0,1.0,245.1431638,66.69034565,52.82655419636894,154.02584181499222,178.45281815,3.67584185403,-101.199287619,0.342972020629
final-20260805T122631Z-11a3fbb-n0100-c10-r04,4,OP4,100,10,n0100-c10-r04-attempt01,n0100-c10-r04-attempt01,n0100-c10-r04-attempt01-fabric-measured-OP4,n0100-c10-r04-attempt01-traditional-measured-OP4,100,100,100,100,0,0,1.0,1.0,504.18660195,281.0330941,43.46950248300667,101.8234434316897,223.15350785,1.79404708034,-58.3539409487,0.426910552403
final-20260805T122631Z-11a3fbb-n0100-c10-r04,4,OP5,100,10,n0100-c10-r04-attempt01,n0100-c10-r04-attempt01,n0100-c10-r04-attempt01-fabric-measured-OP5,n0100-c10-r04-attempt01-traditional-measured-OP5,100,100,100,100,0,0,1.0,1.0,106.2600065,313.0240805499998,140.08469425356978,95.41327573887776,-206.76407405,0.339462722207,44.6714185147,1.46818871031
final-20260805T122631Z-11a3fbb-n0100-c10-r04,4,OP6,100,10,n0100-c10-r04-attempt01,n0100-c10-r04-attempt01,n0100-c10-r04-attempt01-fabric-measured-OP6,n0100-c10-r04-attempt01-traditional-measured-OP6,100,100,100,100,0,0,1.0,1.0,129.07436835,98.27110934999996,134.66414655464595,208.977305607952,30.803259,1.31345182937,-74.3131590533,0.644396032205
final-20260805T122631Z-11a3fbb-n0100-c10-r05,5,OP1,100,10,n0100-c10-r05-attempt01,n0100-c10-r05-attempt01,n0100-c10-r05-attempt01-fabric-measured-OP1,n0100-c10-r05-attempt01-traditional-measured-OP1,100,100,100,100,0,0,1.0,1.0,338.71054265,127.90513875,48.58657095524203,116.579164055954,210.8054039,2.64813865932,-67.9925931007,0.416768908481
final-20260805T122631Z-11a3fbb-n0100-c10-r05,5,OP2,100,10,n0100-c10-r05-attempt01,n0100-c10-r05-attempt01,n0100-c10-r05-attempt01-fabric-measured-OP2,n0100-c10-r05-attempt01-traditional-measured-OP2,100,100,100,100,0,0,1.0,1.0,184.14258675,241.87909254999963,82.02131592103912,88.30482032057031,-57.7365058,0.761300138878,-6.28350439953,0.928843019252
final-20260805T122631Z-11a3fbb-n0100-c10-r05,5,OP3,100,10,n0100-c10-r05-attempt01,n0100-c10-r05-attempt01,n0100-c10-r05-attempt01-fabric-measured-OP3,n0100-c10-r05-attempt01-traditional-measured-OP3,100,100,100,100,0,0,1.0,1.0,233.0371193,70.08869339999998,56.43147796529984,154.80021615682983,162.9484259,3.32488890854,-98.3687381915,0.364543922265
final-20260805T122631Z-11a3fbb-n0100-c10-r05,5,OP4,100,10,n0100-c10-r05-attempt01,n0100-c10-r05-attempt01,n0100-c10-r05-attempt01-fabric-measured-OP4,n0100-c10-r05-attempt01-traditional-measured-OP4,100,100,100,100,0,0,1.0,1.0,184.4235986,82.74209375000001,66.26767329109055,142.599041240765,101.68150485,2.22889692829,-76.3313679497,0.464713315843
final-20260805T122631Z-11a3fbb-n0100-c10-r05,5,OP5,100,10,n0100-c10-r05-attempt01,n0100-c10-r05-attempt01,n0100-c10-r05-attempt01-fabric-measured-OP5,n0100-c10-r05-attempt01-traditional-measured-OP5,100,100,100,100,0,0,1.0,1.0,328.84806605,87.83651069999992,47.9482596160991,256.8795885919261,241.01155535,3.74386531784,-208.931328976,0.186656557179
final-20260805T122631Z-11a3fbb-n0100-c10-r05,5,OP6,100,10,n0100-c10-r05-attempt01,n0100-c10-r05-attempt01,n0100-c10-r05-attempt01-fabric-measured-OP6,n0100-c10-r05-attempt01-traditional-measured-OP6,100,100,100,100,0,0,1.0,1.0,144.4436338,81.42549654999999,138.27254764977422,272.718037750738,63.01813725,1.7739361738,-134.445490101,0.507016509763
final-20260805T122631Z-11a3fbb-n0100-c10-r06,6,OP1,100,10,n0100-c10-r06-attempt01,n0100-c10-r06-attempt01,n0100-c10-r06-attempt01-fabric-measured-OP1,n0100-c10-r06-attempt01-traditional-measured-OP1,100,100,100,100,0,0,1.0,1.0,861.55721895,127.1002775,37.79474734973528,118.46921566768646,734.45694145,6.77856284735,-80.674468318,0.319025893239
final-20260805T122631Z-11a3fbb-n0100-c10-r06,6,OP2,100,10,n0100-c10-r06-attempt01,n0100-c10-r06-attempt01,n0100-c10-r06-attempt01-fabric-measured-OP2,n0100-c10-r06-attempt01-traditional-measured-OP2,100,100,100,100,0,0,1.0,1.0,191.8066486,64.85388555,81.92662142856686,320.9679963388593,126.95276305,2.95751976884,-239.04137491,0.255248567966
final-20260805T122631Z-11a3fbb-n0100-c10-r06,6,OP3,100,10,n0100-c10-r06-attempt01,n0100-c10-r06-attempt01,n0100-c10-r06-attempt01-fabric-measured-OP3,n0100-c10-r06-attempt01-traditional-measured-OP3,100,100,100,100,0,0,1.0,1.0,388.90216895,72.50970655,47.09958410794055,148.58741238259054,316.3924624,5.36344977044,-101.487828275,0.316982329477
final-20260805T122631Z-11a3fbb-n0100-c10-r06,6,OP4,100,10,n0100-c10-r06-attempt01,n0100-c10-r06-attempt01,n0100-c10-r06-attempt01-fabric-measured-OP4,n0100-c10-r06-attempt01-traditional-measured-OP4,100,100,100,100,0,0,1.0,1.0,474.0051379,248.1779206,35.440572816366945,67.12324290278835,225.8272173,1.9099408068,-31.6826700864,0.527992559413
final-20260805T122631Z-11a3fbb-n0100-c10-r06,6,OP5,100,10,n0100-c10-r06-attempt01,n0100-c10-r06-attempt01,n0100-c10-r06-attempt01-fabric-measured-OP5,n0100-c10-r06-attempt01-traditional-measured-OP5,100,100,100,100,0,0,1.0,1.0,116.8888779,58.81686214999998,136.96360349882127,330.58632406956843,58.07201575,1.98733617584,-193.622720571,0.414305110426
final-20260805T122631Z-11a3fbb-n0100-c10-r06,6,OP6,100,10,n0100-c10-r06-attempt01,n0100-c10-r06-attempt01,n0100-c10-r06-attempt01-fabric-measured-OP6,n0100-c10-r06-attempt01-traditional-measured-OP6,100,100,100,100,0,0,1.0,1.0,142.51874399999994,88.26974695,128.97889325546214,264.1377135853871,54.24899705,1.61458199354,-135.15882033,0.488301694994
final-20260805T122631Z-11a3fbb-n0100-c10-r07,7,OP1,100,10,n0100-c10-r07-attempt01,n0100-c10-r07-attempt01,n0100-c10-r07-attempt01-fabric-measured-OP1,n0100-c10-r07-attempt01-traditional-measured-OP1,100,100,100,100,0,0,1.0,1.0,1808.22585615,166.69218054999996,16.193927133004845,108.84211935763948,1641.5336756,10.847694536,-92.6481922246,0.148783643948
final-20260805T122631Z-11a3fbb-n0100-c10-r07,7,OP2,100,10,n0100-c10-r07-attempt01,n0100-c10-r07-attempt01,n0100-c10-r07-attempt01-fabric-measured-OP2,n0100-c10-r07-attempt01-traditional-measured-OP2,100,100,100,100,0,0,1.0,1.0,587.6224890999998,93.234788,32.57411009078503,231.6783796807052,494.3877011,6.3026098059,-199.10426959,0.140600560724
final-20260805T122631Z-11a3fbb-n0100-c10-r07,7,OP3,100,10,n0100-c10-r07-attempt01,n0100-c10-r07-attempt01,n0100-c10-r07-attempt01-fabric-measured-OP3,n0100-c10-r07-attempt01-traditional-measured-OP3,100,100,100,100,0,0,1.0,1.0,196.353299,68.81771785,59.030294372454975,151.5211687421708,127.53558115,2.85323758379,-92.4908743697,0.389584471018
final-20260805T122631Z-11a3fbb-n0100-c10-r07,7,OP4,100,10,n0100-c10-r07-attempt01,n0100-c10-r07-attempt01,n0100-c10-r07-attempt01-fabric-measured-OP4,n0100-c10-r07-attempt01-traditional-measured-OP4,100,100,100,100,0,0,1.0,1.0,191.38484695,70.05674035,63.08063496954544,147.12735956440838,121.3281066,2.73185486498,-84.0467245949,0.428748501681
final-20260805T122631Z-11a3fbb-n0100-c10-r07,7,OP5,100,10,n0100-c10-r07-attempt01,n0100-c10-r07-attempt01,n0100-c10-r07-attempt01-fabric-measured-OP5,n0100-c10-r07-attempt01-traditional-measured-OP5,100,100,100,100,0,0,1.0,1.0,144.75379745,256.3166575999999,113.71366230739808,103.58832270218808,-111.56286015,0.564745962301,10.1253396052,1.09774595573
final-20260805T122631Z-11a3fbb-n0100-c10-r07,7,OP6,100,10,n0100-c10-r07-attempt01,n0100-c10-r07-attempt01,n0100-c10-r07-attempt01-fabric-measured-OP6,n0100-c10-r07-attempt01-traditional-measured-OP6,100,100,100,100,0,0,1.0,1.0,134.35997934999995,96.40850929999996,131.33157518790532,222.9705584880705,37.95147005,1.39365270063,-91.6389833002,0.589008594132
final-20260805T122631Z-11a3fbb-n0100-c10-r08,8,OP1,100,10,n0100-c10-r08-attempt01,n0100-c10-r08-attempt01,n0100-c10-r08-attempt01-fabric-measured-OP1,n0100-c10-r08-attempt01-traditional-measured-OP1,100,100,100,100,0,0,1.0,1.0,352.62368545,102.09641829999998,45.70993473448213,147.7646432955083,250.52726715,3.45383012765,-102.054708561,0.309342842205
final-20260805T122631Z-11a3fbb-n0100-c10-r08,8,OP2,100,10,n0100-c10-r08-attempt01,n0100-c10-r08-attempt01,n0100-c10-r08-attempt01-fabric-measured-OP2,n0100-c10-r08-attempt01-traditional-measured-OP2,100,100,100,100,0,0,1.0,1.0,216.92563855,127.32474874999998,83.2627474086033,180.1455039558944,89.6008898,1.70371935291,-96.8827565473,0.462197199376
final-20260805T122631Z-11a3fbb-n0100-c10-r08,8,OP3,100,10,n0100-c10-r08-attempt01,n0100-c10-r08-attempt01,n0100-c10-r08-attempt01-fabric-measured-OP3,n0100-c10-r08-attempt01-traditional-measured-OP3,100,100,100,100,0,0,1.0,1.0,614.2614715499999,388.88382805,42.676582036761125,32.09911834882759,225.3776435,1.57955005388,10.5774636879,1.3295250534
final-20260805T122631Z-11a3fbb-n0100-c10-r08,8,OP4,100,10,n0100-c10-r08-attempt01,n0100-c10-r08-attempt01,n0100-c10-r08-attempt01-fabric-measured-OP4,n0100-c10-r08-attempt01-traditional-measured-OP4,100,100,100,100,0,0,1.0,1.0,204.18567835,73.42704495,63.69656266130338,154.85163409432226,130.7586334,2.78079661913,-91.155071433,0.411339299284
final-20260805T122631Z-11a3fbb-n0100-c10-r08,8,OP5,100,10,n0100-c10-r08-attempt01,n0100-c10-r08-attempt01,n0100-c10-r08-attempt01-fabric-measured-OP5,n0100-c10-r08-attempt01-traditional-measured-OP5,100,100,100,100,0,0,1.0,1.0,175.75058865,96.92522195,95.07819625910253,281.74339987136665,78.8253667,1.8132595945,-186.665203612,0.337463792595
final-20260805T122631Z-11a3fbb-n0100-c10-r08,8,OP6,100,10,n0100-c10-r08-attempt01,n0100-c10-r08-attempt01,n0100-c10-r08-attempt01-fabric-measured-OP6,n0100-c10-r08-attempt01-traditional-measured-OP6,100,100,100,100,0,0,1.0,1.0,132.3648598,295.7180481,140.07466646477985,70.79797287279384,-163.3531883,0.447604942108,69.276693592,1.97851238928
final-20260805T122631Z-11a3fbb-n0100-c10-r09,9,OP1,100,10,n0100-c10-r09-attempt01,n0100-c10-r09-attempt01,n0100-c10-r09-attempt01-fabric-measured-OP1,n0100-c10-r09-attempt01-traditional-measured-OP1,100,100,100,100,0,0,1.0,1.0,815.6348494,108.49185005,23.64179182056564,147.63492322415598,707.14299935,7.51793659177,-123.993131404,0.160136851798
final-20260805T122631Z-11a3fbb-n0100-c10-r09,9,OP2,100,10,n0100-c10-r09-attempt01,n0100-c10-r09-attempt01,n0100-c10-r09-attempt01-fabric-measured-OP2,n0100-c10-r09-attempt01-traditional-measured-OP2,100,100,100,100,0,0,1.0,1.0,437.3628614499999,65.22338379999997,43.79756927633766,333.716352940257,372.13947765,6.7056143973,-289.918783664,0.131241903163
final-20260805T122631Z-11a3fbb-n0100-c10-r09,9,OP3,100,10,n0100-c10-r09-attempt01,n0100-c10-r09-attempt01,n0100-c10-r09-attempt01-fabric-measured-OP3,n0100-c10-r09-attempt01-traditional-measured-OP3,100,100,100,100,0,0,1.0,1.0,158.81595555,69.5750361,71.27434880718643,157.2838008644645,89.24091945,2.28265717781,-86.0094520573,0.453157594205
final-20260805T122631Z-11a3fbb-n0100-c10-r09,9,OP4,100,10,n0100-c10-r09-attempt01,n0100-c10-r09-attempt01,n0100-c10-r09-attempt01-fabric-measured-OP4,n0100-c10-r09-attempt01-traditional-measured-OP4,100,100,100,100,0,0,1.0,1.0,185.96993605,251.1308309,64.21090947512849,77.34479471608269,-65.16089485,0.740530086981,-13.133885241,0.830190444112
final-20260805T122631Z-11a3fbb-n0100-c10-r09,9,OP5,100,10,n0100-c10-r09-attempt01,n0100-c10-r09-attempt01,n0100-c10-r09-attempt01-fabric-measured-OP5,n0100-c10-r09-attempt01-traditional-measured-OP5,100,100,100,100,0,0,1.0,1.0,115.4533984,59.98818715,128.77455077796364,300.78494161818423,55.46521125,1.92460222396,-172.01039084,0.428128316814
final-20260805T122631Z-11a3fbb-n0100-c10-r09,9,OP6,100,10,n0100-c10-r09-attempt01,n0100-c10-r09-attempt01,n0100-c10-r09-attempt01-fabric-measured-OP6,n0100-c10-r09-attempt01-traditional-measured-OP6,100,100,100,100,0,0,1.0,1.0,292.44279575,76.53621399999992,66.27650725179481,296.0493157292266,215.90658175,3.82097285019,-229.772808477,0.223869820771
final-20260805T122631Z-11a3fbb-n0100-c10-r10,10,OP1,100,10,n0100-c10-r10-attempt01,n0100-c10-r10-attempt01,n0100-c10-r10-attempt01-fabric-measured-OP1,n0100-c10-r10-attempt01-traditional-measured-OP1,100,100,100,100,0,0,1.0,1.0,530.0825311,106.62776285,39.65007481491334,150.97398480910635,423.45476825,4.97133689137,-111.323909994,0.262628524146
final-20260805T122631Z-11a3fbb-n0100-c10-r10,10,OP2,100,10,n0100-c10-r10-attempt01,n0100-c10-r10-attempt01,n0100-c10-r10-attempt01-fabric-measured-OP2,n0100-c10-r10-attempt01-traditional-measured-OP2,100,100,100,100,0,0,1.0,1.0,282.7280348999999,68.90989714999999,54.344720729194464,321.12548058435203,213.81813775,4.10286543143,-266.780759855,0.169232041725
final-20260805T122631Z-11a3fbb-n0100-c10-r10,10,OP3,100,10,n0100-c10-r10-attempt01,n0100-c10-r10-attempt01,n0100-c10-r10-attempt01-fabric-measured-OP3,n0100-c10-r10-attempt01-traditional-measured-OP3,100,100,100,100,0,0,1.0,1.0,164.51814804999998,239.5123417,70.69449404232685,96.75477386651312,-74.99419365,0.686887977806,-26.0602798242,0.730656392623
final-20260805T122631Z-11a3fbb-n0100-c10-r10,10,OP4,100,10,n0100-c10-r10-attempt01,n0100-c10-r10-attempt01,n0100-c10-r10-attempt01-fabric-measured-OP4,n0100-c10-r10-attempt01-traditional-measured-OP4,100,100,100,100,0,0,1.0,1.0,351.86233810000004,246.50404849999995,51.841010602429655,73.41319166486296,105.3582896,1.4274099766,-21.5721810624,0.706153886335
final-20260805T122631Z-11a3fbb-n0100-c10-r10,10,OP5,100,10,n0100-c10-r10-attempt01,n0100-c10-r10-attempt01,n0100-c10-r10-attempt01-fabric-measured-OP5,n0100-c10-r10-attempt01-traditional-measured-OP5,100,100,100,100,0,0,1.0,1.0,98.71158719999998,83.18995579999999,140.99711853776648,307.0594694633242,15.5216314,1.18658059438,-166.062350926,0.459185052277
final-20260805T122631Z-11a3fbb-n0100-c10-r10,10,OP6,100,10,n0100-c10-r10-attempt01,n0100-c10-r10-attempt01,n0100-c10-r10-attempt01-fabric-measured-OP6,n0100-c10-r10-attempt01-traditional-measured-OP6,100,100,100,100,0,0,1.0,1.0,169.51819569999998,85.10063354999997,118.54054633749364,264.8693655680764,84.41756215,1.9919733688,-146.328819231,0.447543437435
final-20260805T122631Z-11a3fbb-n0500-c01-r01,1,OP1,500,1,n0500-c01-r01-attempt01,n0500-c01-r01-attempt01,n0500-c01-r01-attempt01-fabric-measured-OP1,n0500-c01-r01-attempt01-traditional-measured-OP1,500,500,500,500,0,0,1.0,1.0,2199.1574452,26.43485919999999,0.4783628932016453,70.83601673387444,2172.722586,83.1915702127,-70.3576538407,0.00675310266243
final-20260805T122631Z-11a3fbb-n0500-c01-r01,1,OP2,500,1,n0500-c01-r01-attempt01,n0500-c01-r01-attempt01,n0500-c01-r01-attempt01-fabric-measured-OP2,n0500-c01-r01-attempt01-traditional-measured-OP2,500,500,500,500,0,0,1.0,1.0,53.51302284999996,9.019101199999998,30.943465791109467,145.4509238429025,44.49392165,5.93329885798,-114.507458052,0.212741624278
final-20260805T122631Z-11a3fbb-n0500-c01-r01,1,OP3,500,1,n0500-c01-r01-attempt01,n0500-c01-r01-attempt01,n0500-c01-r01-attempt01-fabric-measured-OP3,n0500-c01-r01-attempt01-traditional-measured-OP3,500,500,500,500,0,0,1.0,1.0,2254.6614871,25.1377652,0.4751757348733467,68.24076497335231,2229.5237219,89.6922009241,-67.7655892385,0.00696322403565
final-20260805T122631Z-11a3fbb-n0500-c01-r01,1,OP4,500,1,n0500-c01-r01-attempt01,n0500-c01-r01-attempt01,n0500-c01-r01-attempt01-fabric-measured-OP4,n0500-c01-r01-attempt01-traditional-measured-OP4,500,500,500,500,0,0,1.0,1.0,2218.8631497,19.9895116,0.4765397179988371,77.25788621539485,2198.8736381,111.001368823,-76.7813464974,0.00616816924903
final-20260805T122631Z-11a3fbb-n0500-c01-r01,1,OP5,500,1,n0500-c01-r01-attempt01,n0500-c01-r01-attempt01,n0500-c01-r01-attempt01-fabric-measured-OP5,n0500-c01-r01-attempt01-traditional-measured-OP5,500,500,500,500,0,0,1.0,1.0,32.2283831,10.139671899999996,50.80471691903098,143.3537253634943,22.0887112,3.17844437353,-92.5490084445,0.354401092753
final-20260805T122631Z-11a3fbb-n0500-c01-r01,1,OP6,500,1,n0500-c01-r01-attempt01,n0500-c01-r01-attempt01,n0500-c01-r01-attempt01-fabric-measured-OP6,n0500-c01-r01-attempt01-traditional-measured-OP6,500,500,500,500,0,0,1.0,1.0,27.714196699999984,17.831851649999994,52.4924512471968,113.38025796476296,9.88234505,1.55419623514,-60.8878067176,0.462976996079
final-20260805T122631Z-11a3fbb-n0500-c01-r02,2,OP1,500,1,n0500-c01-r02-attempt01,n0500-c01-r02-attempt01,n0500-c01-r02-attempt01-fabric-measured-OP1,n0500-c01-r02-attempt01-traditional-measured-OP1,500,500,500,500,0,0,1.0,1.0,2274.23085935,20.781298699999997,0.4740923403811437,70.7645545960771,2253.44956065,109.436416471,-70.2904622557,0.00669957358012
final-20260805T122631Z-11a3fbb-n0500-c01-r02,2,OP2,500,1,n0500-c01-r02-attempt01,n0500-c01-r02-attempt01,n0500-c01-r02-attempt01-fabric-measured-OP2,n0500-c01-r02-attempt01-traditional-measured-OP2,500,500,500,500,0,0,1.0,1.0,55.31527349999997,14.318483499999983,30.9759425034646,136.1604777020214,40.99679,3.86320754569,-105.184535199,0.227495841864
final-20260805T122631Z-11a3fbb-n0500-c01-r02,2,OP3,500,1,n0500-c01-r02-attempt01,n0500-c01-r02-attempt01,n0500-c01-r02-attempt01-fabric-measured-OP3,n0500-c01-r02-attempt01-traditional-measured-OP3,500,500,500,500,0,0,1.0,1.0,2249.9178778,21.4570184,0.4741437744737546,73.95404265289588,2228.4608594,104.85696735,-73.4798988784,0.00641133002964
final-20260805T122631Z-11a3fbb-n0500-c01-r02,2,OP4,500,1,n0500-c01-r02-attempt01,n0500-c01-r02-attempt01,n0500-c01-r02-attempt01-fabric-measured-OP4,n0500-c01-r02-attempt01-traditional-measured-OP4,500,500,500,500,0,0,1.0,1.0,2259.65668385,18.032108499999996,0.4747318496962535,79.04570289380929,2241.62457535,125.312948502,-78.5709710441,0.00600578946504
final-20260805T122631Z-11a3fbb-n0500-c01-r02,2,OP5,500,1,n0500-c01-r02-attempt01,n0500-c01-r02-attempt01,n0500-c01-r02-attempt01-fabric-measured-OP5,n0500-c01-r02-attempt01-traditional-measured-OP5,500,500,500,500,0,0,1.0,1.0,24.3016323,9.303459449999997,69.48245394269277,141.65891260721585,14.99817285,2.61210708023,-72.1764586645,0.490491227582
final-20260805T122631Z-11a3fbb-n0500-c01-r02,2,OP6,500,1,n0500-c01-r02-attempt01,n0500-c01-r02-attempt01,n0500-c01-r02-attempt01-fabric-measured-OP6,n0500-c01-r02-attempt01-traditional-measured-OP6,500,500,500,500,0,0,1.0,1.0,22.193709949999995,14.565381349999972,72.57323480660925,117.03863770634246,7.6283286,1.52373009787,-44.4654028997,0.620079285173
final-20260805T122631Z-11a3fbb-n0500-c01-r03,3,OP1,500,1,n0500-c01-r03-attempt02,n0500-c01-r03-attempt02,n0500-c01-r03-attempt02-fabric-measured-OP1,n0500-c01-r03-attempt02-traditional-measured-OP1,500,500,500,500,0,0,1.0,1.0,2194.27730035,98.87684589999992,0.4791787049264222,17.60604150232437,2095.40045445,22.1920236267,-17.1268627974,0.0272167201732
final-20260805T122631Z-11a3fbb-n0500-c01-r03,3,OP2,500,1,n0500-c01-r03-attempt02,n0500-c01-r03-attempt02,n0500-c01-r03-attempt02-fabric-measured-OP2,n0500-c01-r03-attempt02-traditional-measured-OP2,500,500,500,500,0,0,1.0,1.0,32.21907039999999,10.280685899999993,45.44598211771245,141.2261472211401,21.9383845,3.13394171492,-95.7801651034,0.321795807731
final-20260805T122631Z-11a3fbb-n0500-c01-r03,3,OP3,500,1,n0500-c01-r03-attempt02,n0500-c01-r03-attempt02,n0500-c01-r03-attempt02-fabric-measured-OP3,n0500-c01-r03-attempt02-traditional-measured-OP3,500,500,500,500,0,0,1.0,1.0,2173.4002428,23.63855194999997,0.4800047791991492,66.29034783465883,2149.76169085,91.9430364177,-65.8103430555,0.00724094524887
final-20260805T122631Z-11a3fbb-n0500-c01-r03,3,OP4,500,1,n0500-c01-r03-attempt02,n0500-c01-r03-attempt02,n0500-c01-r03-attempt02-fabric-measured-OP4,n0500-c01-r03-attempt02-traditional-measured-OP4,500,500,500,500,0,0,1.0,1.0,2168.32494845,22.193364249999988,0.480654034096857,78.13078292314567,2146.1315842,97.7014987014,-77.650128889,0.00615191626289
final-20260805T122631Z-11a3fbb-n0500-c01-r03,3,OP5,500,1,n0500-c01-r03-attempt02,n0500-c01-r03-attempt02,n0500-c01-r03-attempt02-fabric-measured-OP5,n0500-c01-r03-attempt02-traditional-measured-OP5,500,500,500,500,0,0,1.0,1.0,26.063195149999977,19.536826699999995,63.89782003700035,98.51611244476337,6.52636845,1.334054683,-34.6182924078,0.648602735647
final-20260805T122631Z-11a3fbb-n0500-c01-r03,3,OP6,500,1,n0500-c01-r03-attempt02,n0500-c01-r03-attempt02,n0500-c01-r03-attempt02-fabric-measured-OP6,n0500-c01-r03-attempt02-traditional-measured-OP6,500,500,500,500,0,0,1.0,1.0,20.36187315,10.081816449999994,71.00521145703306,141.1543893122445,10.2800567,2.0196631481,-70.1491778552,0.503032259946
final-20260805T122631Z-11a3fbb-n0500-c01-r04,4,OP1,500,1,n0500-c01-r04-attempt01,n0500-c01-r04-attempt01,n0500-c01-r04-attempt01-fabric-measured-OP1,n0500-c01-r04-attempt01-traditional-measured-OP1,500,500,500,500,0,0,1.0,1.0,2205.19771945,28.60567624999992,0.4780012760831241,71.53615932887539,2176.5920432,77.0895153877,-71.0581580528,0.0066819533026
final-20260805T122631Z-11a3fbb-n0500-c01-r04,4,OP2,500,1,n0500-c01-r04-attempt01,n0500-c01-r04-attempt01,n0500-c01-r04-attempt01-fabric-measured-OP2,n0500-c01-r04-attempt01-traditional-measured-OP2,500,500,500,500,0,0,1.0,1.0,35.52501034999999,8.099541899999997,44.01177773199332,159.29229679547947,27.42546845,4.38605180251,-115.280519063,0.276295706807
final-20260805T122631Z-11a3fbb-n0500-c01-r04,4,OP3,500,1,n0500-c01-r04-attempt01,n0500-c01-r04-attempt01,n0500-c01-r04-attempt01-fabric-measured-OP3,n0500-c01-r04-attempt01-traditional-measured-OP3,500,500,500,500,0,0,1.0,1.0,2217.322658,22.70839579999998,0.4787803751357435,71.52211391396145,2194.6142622,97.6432979911,-71.0433335388,0.00669415861662
final-20260805T122631Z-11a3fbb-n0500-c01-r04,4,OP4,500,1,n0500-c01-r04-attempt01,n0500-c01-r04-attempt01,n0500-c01-r04-attempt01-fabric-measured-OP4,n0500-c01-r04-attempt01-traditional-measured-OP4,500,500,500,500,0,0,1.0,1.0,2199.3982698,21.38250699999999,0.4801868357490228,77.66039062161927,2178.0157628,102.85970068,-77.1802037859,0.00618316276683
final-20260805T122631Z-11a3fbb-n0500-c01-r04,4,OP5,500,1,n0500-c01-r04-attempt01,n0500-c01-r04-attempt01,n0500-c01-r04-attempt01-fabric-measured-OP5,n0500-c01-r04-attempt01-traditional-measured-OP5,500,500,500,500,0,0,1.0,1.0,25.5662039,9.090588349999996,66.20208174755184,139.81905499880654,16.47561555,2.81238165404,-73.6169732513,0.473483973612
final-20260805T122631Z-11a3fbb-n0500-c01-r04,4,OP6,500,1,n0500-c01-r04-attempt01,n0500-c01-r04-attempt01,n0500-c01-r04-attempt01-fabric-measured-OP6,n0500-c01-r04-attempt01-traditional-measured-OP6,500,500,500,500,0,0,1.0,1.0,30.21834399999998,14.725623249999993,64.12709996137306,123.14029302680365,15.49272075,2.05209270175,-59.0131930654,0.520764555493
final-20260805T122631Z-11a3fbb-n0500-c01-r05,5,OP1,500,1,n0500-c01-r05-attempt01,n0500-c01-r05-attempt01,n0500-c01-r05-attempt01-fabric-measured-OP1,n0500-c01-r05-attempt01-traditional-measured-OP1,500,500,500,500,0,0,1.0,1.0,2203.0483191,16.963570999999995,0.4790833807431561,74.4089001025919,2186.0847481,129.86937238,-73.9298167218,0.00643852254344
final-20260805T122631Z-11a3fbb-n0500-c01-r05,5,OP2,500,1,n0500-c01-r05-attempt01,n0500-c01-r05-attempt01,n0500-c01-r05-attempt01-fabric-measured-OP2,n0500-c01-r05-attempt01-traditional-measured-OP2,500,500,500,500,0,0,1.0,1.0,41.49411199999996,14.901086349999996,42.88744040636082,127.66117930491872,26.59302565,2.78463670536,-84.7737388986,0.335947393247
final-20260805T122631Z-11a3fbb-n0500-c01-r05,5,OP3,500,1,n0500-c01-r05-attempt01,n0500-c01-r05-attempt01,n0500-c01-r05-attempt01-fabric-measured-OP3,n0500-c01-r05-attempt01-traditional-measured-OP3,500,500,500,500,0,0,1.0,1.0,2198.24302045,54.4485373,0.4789923441061279,26.616244581800093,2143.79448315,40.3728571869,-26.1372522377,0.0179962407031
final-20260805T122631Z-11a3fbb-n0500-c01-r05,5,OP4,500,1,n0500-c01-r05-attempt01,n0500-c01-r05-attempt01,n0500-c01-r05-attempt01-fabric-measured-OP4,n0500-c01-r05-attempt01-traditional-measured-OP4,500,500,500,500,0,0,1.0,1.0,2176.8996773,97.87706504999996,0.4806305649239439,21.48423820633058,2079.02261225,22.2411621782,-21.0036076414,0.0223713105537
final-20260805T122631Z-11a3fbb-n0500-c01-r05,5,OP5,500,1,n0500-c01-r05-attempt01,n0500-c01-r05-attempt01,n0500-c01-r05-attempt01-fabric-measured-OP5,n0500-c01-r05-attempt01-traditional-measured-OP5,500,500,500,500,0,0,1.0,1.0,22.257228799999982,15.153624299999972,68.33498176853163,129.5430450542379,7.1036045,1.46877264207,-61.2080632857,0.527507916306
final-20260805T122631Z-11a3fbb-n0500-c01-r05,5,OP6,500,1,n0500-c01-r05-attempt01,n0500-c01-r05-attempt01,n0500-c01-r05-attempt01-fabric-measured-OP6,n0500-c01-r05-attempt01-traditional-measured-OP6,500,500,500,500,0,0,1.0,1.0,23.14919239999994,9.5853758,68.19392078631968,140.40733509080707,13.5638166,2.41505318967,-72.2134143045,0.485686312202
final-20260805T122631Z-11a3fbb-n0500-c01-r06,6,OP1,500,1,n0500-c01-r06-attempt01,n0500-c01-r06-attempt01,n0500-c01-r06-attempt01-fabric-measured-OP1,n0500-c01-r06-attempt01-traditional-measured-OP1,500,500,500,500,0,0,1.0,1.0,2228.4511741,16.7250652,0.4770538997027788,74.44372462027877,2211.7261089,133.240208481,-73.9666707206,0.00640824867558
final-20260805T122631Z-11a3fbb-n0500-c01-r06,6,OP2,500,1,n0500-c01-r06-attempt01,n0500-c01-r06-attempt01,n0500-c01-r06-attempt01-fabric-measured-OP2,n0500-c01-r06-attempt01-traditional-measured-OP2,500,500,500,500,0,0,1.0,1.0,34.33975949999998,14.621940799999996,44.467066434048576,138.13036387587275,19.7178187,2.34850899547,-93.6632974418,0.321921011328
final-20260805T122631Z-11a3fbb-n0500-c01-r06,6,OP3,500,1,n0500-c01-r06-attempt01,n0500-c01-r06-attempt01,n0500-c01-r06-attempt01-fabric-measured-OP3,n0500-c01-r06-attempt01-traditional-measured-OP3,500,500,500,500,0,0,1.0,1.0,2209.5512499,16.765229199999997,0.4783436505258858,74.75283622808276,2192.7860207,131.793679856,-74.2744925776,0.00639900336445
final-20260805T122631Z-11a3fbb-n0500-c01-r06,6,OP4,500,1,n0500-c01-r06-attempt01,n0500-c01-r06-attempt01,n0500-c01-r06-attempt01-fabric-measured-OP4,n0500-c01-r06-attempt01-traditional-measured-OP4,500,500,500,500,0,0,1.0,1.0,2484.91210625,19.02163585,0.469934080210897,78.77332230193409,2465.8904704,130.636088602,-78.3033882217,0.00596565012721
final-20260805T122631Z-11a3fbb-n0500-c01-r06,6,OP5,500,1,n0500-c01-r06-attempt01,n0500-c01-r06-attempt01,n0500-c01-r06-attempt01-fabric-measured-OP5,n0500-c01-r06-attempt01-traditional-measured-OP5,500,500,500,500,0,0,1.0,1.0,26.315222299999977,9.052495,61.90424444659301,157.08661316069998,17.2627273,2.90695794916,-95.1823687141,0.394077147639
final-20260805T122631Z-11a3fbb-n0500-c01-r06,6,OP6,500,1,n0500-c01-r06-attempt01,n0500-c01-r06-attempt01,n0500-c01-r06-attempt01-fabric-measured-OP6,n0500-c01-r06-attempt01-traditional-measured-OP6,500,500,500,500,0,0,1.0,1.0,21.774448949999996,10.836077999999988,71.67626769412314,125.4085815977756,10.93837095,2.00944003448,-53.7323139037,0.571541969305
final-20260805T122631Z-11a3fbb-n0500-c01-r07,7,OP1,500,1,n0500-c01-r07-attempt01,n0500-c01-r07-attempt01,n0500-c01-r07-attempt01-fabric-measured-OP1,n0500-c01-r07-attempt01-traditional-measured-OP1,500,500,500,500,0,0,1.0,1.0,2219.71655515,30.446176599999983,0.4781281657265269,67.76769727211881,2189.27037855,72.9062497506,-67.2895691064,0.00705539932701
final-20260805T122631Z-11a3fbb-n0500-c01-r07,7,OP2,500,1,n0500-c01-r07-attempt01,n0500-c01-r07-attempt01,n0500-c01-r07-attempt01-fabric-measured-OP2,n0500-c01-r07-attempt01-traditional-measured-OP2,500,500,500,500,0,0,1.0,1.0,41.280046599999984,7.006940699999999,42.2416116386262,174.25990773368656,34.2731059,5.89130811397,-132.018296095,0.242405795963
final-20260805T122631Z-11a3fbb-n0500-c01-r07,7,OP3,500,1,n0500-c01-r07-attempt01,n0500-c01-r07-attempt01,n0500-c01-r07-attempt01-fabric-measured-OP3,n0500-c01-r07-attempt01-traditional-measured-OP3,500,500,500,500,0,0,1.0,1.0,2557.640809199999,23.011265899999984,0.4660770503373183,69.36525565238438,2534.6295433,111.147331934,-68.899178602,0.00671917152116
final-20260805T122631Z-11a3fbb-n0500-c01-r07,7,OP4,500,1,n0500-c01-r07-attempt01,n0500-c01-r07-attempt01,n0500-c01-r07-attempt01-fabric-measured-OP4,n0500-c01-r07-attempt01-traditional-measured-OP4,500,500,500,500,0,0,1.0,1.0,2182.7994362500003,25.47442995,0.480293738717751,74.72858842344736,2157.3250063,85.6858991755,-74.2482946847,0.00642717531336
final-20260805T122631Z-11a3fbb-n0500-c01-r07,7,OP5,500,1,n0500-c01-r07-attempt01,n0500-c01-r07-attempt01,n0500-c01-r07-attempt01-fabric-measured-OP5,n0500-c01-r07-attempt01-traditional-measured-OP5,500,500,500,500,0,0,1.0,1.0,23.00695294999996,9.393909099999998,67.42688394372996,139.2863343188315,13.61304385,2.44913514758,-71.8594503751,0.484088293898
final-20260805T122631Z-11a3fbb-n0500-c01-r07,7,OP6,500,1,n0500-c01-r07-attempt01,n0500-c01-r07-attempt01,n0500-c01-r07-attempt01-fabric-measured-OP6,n0500-c01-r07-attempt01-traditional-measured-OP6,500,500,500,500,0,0,1.0,1.0,15.26109955,11.795604549999997,80.64531761216566,122.14330752937808,3.465495,1.29379545451,-41.4979899172,0.660251627726
final-20260805T122631Z-11a3fbb-n0500-c01-r08,8,OP1,500,1,n0500-c01-r08-attempt01,n0500-c01-r08-attempt01,n0500-c01-r08-attempt01-fabric-measured-OP1,n0500-c01-r08-attempt01-traditional-measured-OP1,500,500,500,500,0,0,1.0,1.0,2189.8665666,22.6698955,0.4790381036875545,73.64321245846969,2167.1966711,96.5980000481,-73.1641743548,0.00650485072141
final-20260805T122631Z-11a3fbb-n0500-c01-r08,8,OP2,500,1,n0500-c01-r08-attempt01,n0500-c01-r08-attempt01,n0500-c01-r08-attempt01-fabric-measured-OP2,n0500-c01-r08-attempt01-traditional-measured-OP2,500,500,500,500,0,0,1.0,1.0,39.78757564999995,7.818585649999998,42.98813032233683,171.2049072832377,31.96899,5.0888456597,-128.216776961,0.251091694768
final-20260805T122631Z-11a3fbb-n0500-c01-r08,8,OP3,500,1,n0500-c01-r08-attempt01,n0500-c01-r08-attempt01,n0500-c01-r08-attempt01-fabric-measured-OP3,n0500-c01-r08-attempt01-traditional-measured-OP3,500,500,500,500,0,0,1.0,1.0,2566.52447275,20.27020275,0.4674187824629596,69.73357341851398,2546.25427,126.615629079,-69.2661546361,0.00670292313371
final-20260805T122631Z-11a3fbb-n0500-c01-r08,8,OP4,500,1,n0500-c01-r08-attempt01,n0500-c01-r08-attempt01,n0500-c01-r08-attempt01-fabric-measured-OP4,n0500-c01-r08-attempt01-traditional-measured-OP4,500,500,500,500,0,0,1.0,1.0,2192.95299875,24.5736804,0.4798887843666516,74.4366012858888,2168.37931835,89.2399088396,-73.9567125015,0.00644694647628
final-20260805T122631Z-11a3fbb-n0500-c01-r08,8,OP5,500,1,n0500-c01-r08-attempt01,n0500-c01-r08-attempt01,n0500-c01-r08-attempt01-fabric-measured-OP5,n0500-c01-r08-attempt01-traditional-measured-OP5,500,500,500,500,0,0,1.0,1.0,19.8082631,8.5788529,73.13759425853385,152.98676692309706,11.2294102,2.30896406908,-79.8491726646,0.478064840048
final-20260805T122631Z-11a3fbb-n0500-c01-r08,8,OP6,500,1,n0500-c01-r08-attempt01,n0500-c01-r08-attempt01,n0500-c01-r08-attempt01-fabric-measured-OP6,n0500-c01-r08-attempt01-traditional-measured-OP6,500,500,500,500,0,0,1.0,1.0,19.35477745,18.33325975,74.97677979626458,112.48129637382824,1.0215177,1.05571937091,-37.5045165776,0.666571085268
final-20260805T122631Z-11a3fbb-n0500-c01-r09,9,OP1,500,1,n0500-c01-r09-attempt01,n0500-c01-r09-attempt01,n0500-c01-r09-attempt01-fabric-measured-OP1,n0500-c01-r09-attempt01-traditional-measured-OP1,500,500,500,500,0,0,1.0,1.0,2261.39063,15.51045345,0.4713068898089382,81.00573964369917,2245.88017655,145.797841262,-80.5344327539,0.00581819130202
final-20260805T122631Z-11a3fbb-n0500-c01-r09,9,OP2,500,1,n0500-c01-r09-attempt01,n0500-c01-r09-attempt01,n0500-c01-r09-attempt01-fabric-measured-OP2,n0500-c01-r09-attempt01-traditional-measured-OP2,500,500,500,500,0,0,1.0,1.0,34.80208499999997,11.185016299999996,44.718231030865,133.53282945767037,23.6170687,3.11149166586,-88.8145984268,0.334885669782
final-20260805T122631Z-11a3fbb-n0500-c01-r09,9,OP3,500,1,n0500-c01-r09-attempt01,n0500-c01-r09-attempt01,n0500-c01-r09-attempt01-fabric-measured-OP3,n0500-c01-r09-attempt01-traditional-measured-OP3,500,500,500,500,0,0,1.0,1.0,2219.2839069,23.902311049999994,0.4784316130563213,71.30995451136005,2195.38159585,92.8480891349,-70.8315228983,0.00670918410108
final-20260805T122631Z-11a3fbb-n0500-c01-r09,9,OP4,500,1,n0500-c01-r09-attempt01,n0500-c01-r09-attempt01,n0500-c01-r09-attempt01-fabric-measured-OP4,n0500-c01-r09-attempt01-traditional-measured-OP4,500,500,500,500,0,0,1.0,1.0,2178.43782045,15.046817199999994,0.4802762527704723,87.37965266192062,2163.39100325,144.77731679,-86.8993764092,0.00549643124159
final-20260805T122631Z-11a3fbb-n0500-c01-r09,9,OP5,500,1,n0500-c01-r09-attempt01,n0500-c01-r09-attempt01,n0500-c01-r09-attempt01-fabric-measured-OP5,n0500-c01-r09-attempt01-traditional-measured-OP5,500,500,500,500,0,0,1.0,1.0,17.81706144999999,17.31181474999999,75.17722458974238,130.70161064010424,0.5052467,1.02918508009,-55.5243860504,0.575182082467
final-20260805T122631Z-11a3fbb-n0500-c01-r09,9,OP6,500,1,n0500-c01-r09-attempt01,n0500-c01-r09-attempt01,n0500-c01-r09-attempt01-fabric-measured-OP6,n0500-c01-r09-attempt01-traditional-measured-OP6,500,500,500,500,0,0,1.0,1.0,18.2502773,9.55455085,77.36221640336295,130.34300328306003,8.69572645,1.91011357692,-52.9807868797,0.593527956659
final-20260805T122631Z-11a3fbb-n0500-c01-r10,10,OP1,500,1,n0500-c01-r10-attempt01,n0500-c01-r10-attempt01,n0500-c01-r10-attempt01-fabric-measured-OP1,n0500-c01-r10-attempt01-traditional-measured-OP1,500,500,500,500,0,0,1.0,1.0,2437.30778035,15.076445649999991,0.4689986888880514,83.30254793264928,2422.2313347,161.663288346,-82.8335492438,0.00563006415203
final-20260805T122631Z-11a3fbb-n0500-c01-r10,10,OP2,500,1,n0500-c01-r10-attempt01,n0500-c01-r10-attempt01,n0500-c01-r10-attempt01-fabric-measured-OP2,n0500-c01-r10-attempt01-traditional-measured-OP2,500,500,500,500,0,0,1.0,1.0,39.84466194999995,17.733132599999998,43.16481771031862,116.6405014922343,22.11152935,2.24690486722,-73.4756837819,0.370067147844
final-20260805T122631Z-11a3fbb-n0500-c01-r10,10,OP3,500,1,n0500-c01-r10-attempt01,n0500-c01-r10-attempt01,n0500-c01-r10-attempt01-fabric-measured-OP3,n0500-c01-r10-attempt01-traditional-measured-OP3,500,500,500,500,0,0,1.0,1.0,2195.6317639000004,19.381466549999992,0.4794317030101481,72.68955600394747,2176.25029735,113.28512,-72.2101243009,0.0065956064305
final-20260805T122631Z-11a3fbb-n0500-c01-r10,10,OP4,500,1,n0500-c01-r10-attempt01,n0500-c01-r10-attempt01,n0500-c01-r10-attempt01-fabric-measured-OP4,n0500-c01-r10-attempt01-traditional-measured-OP4,500,500,500,500,0,0,1.0,1.0,2197.0760778,15.293943,0.479848606690803,83.1373997514373,2181.7821348,143.656614766,-82.6575511447,0.00577175384515
final-20260805T122631Z-11a3fbb-n0500-c01-r10,10,OP5,500,1,n0500-c01-r10-attempt01,n0500-c01-r10-attempt01,n0500-c01-r10-attempt01-fabric-measured-OP5,n0500-c01-r10-attempt01-traditional-measured-OP5,500,500,500,500,0,0,1.0,1.0,29.54154719999993,16.33555854999999,60.604939568945696,130.10843732880127,13.20598865,1.80841978005,-69.5034977599,0.465803300794
final-20260805T122631Z-11a3fbb-n0500-c01-r10,10,OP6,500,1,n0500-c01-r10-attempt01,n0500-c01-r10-attempt01,n0500-c01-r10-attempt01-fabric-measured-OP6,n0500-c01-r10-attempt01-traditional-measured-OP6,500,500,500,500,0,0,1.0,1.0,32.189526849999986,10.0888988,63.62666794209801,127.64842468780397,22.10062805,3.19058873403,-64.0217567457,0.498452433688
final-20260805T122631Z-11a3fbb-n0500-c05-r01,1,OP1,500,5,n0500-c05-r01-attempt01,n0500-c05-r01-attempt01,n0500-c05-r01-attempt01-fabric-measured-OP1,n0500-c05-r01-attempt01-traditional-measured-OP1,500,500,500,500,0,0,1.0,1.0,2216.85926185,49.52917464999999,2.3673006435952195,161.11272308865915,2167.3300872,44.7586554292,-158.745422445,0.0146934431882
final-20260805T122631Z-11a3fbb-n0500-c05-r01,1,OP2,500,5,n0500-c05-r01-attempt01,n0500-c05-r01-attempt01,n0500-c05-r01-attempt01-fabric-measured-OP2,n0500-c05-r01-attempt01-traditional-measured-OP2,500,500,500,500,0,0,1.0,1.0,133.4054014,30.6603684499999,75.61391503587784,296.9661368100637,102.74503295,4.35106974065,-221.352221774,0.2546213378
final-20260805T122631Z-11a3fbb-n0500-c05-r01,1,OP3,500,5,n0500-c05-r01-attempt01,n0500-c05-r01-attempt01,n0500-c05-r01-attempt01-fabric-measured-OP3,n0500-c05-r01-attempt01-traditional-measured-OP3,500,500,500,500,0,0,1.0,1.0,2229.2811414000003,71.47891539999976,2.370593449364153,146.6059974886246,2157.802226,31.1879542229,-144.235404039,0.0161698258596
final-20260805T122631Z-11a3fbb-n0500-c05-r01,1,OP4,500,5,n0500-c05-r01-attempt01,n0500-c05-r01-attempt01,n0500-c05-r01-attempt01-fabric-measured-OP4,n0500-c05-r01-attempt01-traditional-measured-OP4,500,500,500,500,0,0,1.0,1.0,2333.37285315,34.5191513,2.360894716644199,188.67596388761373,2298.85370185,67.596472256,-186.315069171,0.012512959616
final-20260805T122631Z-11a3fbb-n0500-c05-r01,1,OP5,500,5,n0500-c05-r01-attempt01,n0500-c05-r01-attempt01,n0500-c05-r01-attempt01-fabric-measured-OP5,n0500-c05-r01-attempt01-traditional-measured-OP5,500,500,500,500,0,0,1.0,1.0,109.416719,68.12109314999988,103.51476633773484,183.2547168765386,41.29562585,1.60620908944,-79.7399505388,0.564868223324
final-20260805T122631Z-11a3fbb-n0500-c05-r01,1,OP6,500,5,n0500-c05-r01-attempt01,n0500-c05-r01-attempt01,n0500-c05-r01-attempt01-fabric-measured-OP6,n0500-c05-r01-attempt01-traditional-measured-OP6,500,500,500,500,0,0,1.0,1.0,38.19396445,21.38988499999999,173.2444020385267,327.2329898357513,16.80407945,1.78560868607,-153.988587797,0.52942217753
final-20260805T122631Z-11a3fbb-n0500-c05-r02,2,OP1,500,5,n0500-c05-r02-attempt01,n0500-c05-r02-attempt01,n0500-c05-r02-attempt01-fabric-measured-OP1,n0500-c05-r02-attempt01-traditional-measured-OP1,500,500,500,500,0,0,1.0,1.0,2218.633325149998,34.493903749999994,2.368781824621359,185.584100064114,2184.1394214,64.319577779,-183.215318239,0.0127639265638
final-20260805T122631Z-11a3fbb-n0500-c05-r02,2,OP2,500,5,n0500-c05-r02-attempt01,n0500-c05-r02-attempt01,n0500-c05-r02-attempt01-fabric-measured-OP2,n0500-c05-r02-attempt01-traditional-measured-OP2,500,500,500,500,0,0,1.0,1.0,112.39190629999996,43.53738219999988,76.34763247230825,266.1689810667323,68.8545241,2.58150354065,-189.821348594,0.286838955337
final-20260805T122631Z-11a3fbb-n0500-c05-r02,2,OP3,500,5,n0500-c05-r02-attempt01,n0500-c05-r02-attempt01,n0500-c05-r02-attempt01-fabric-measured-OP3,n0500-c05-r02-attempt01-traditional-measured-OP3,500,500,500,500,0,0,1.0,1.0,2190.2140666999994,84.43026094999999,2.3783925871620744,148.42532560515633,2105.78380575,25.9411026575,-146.046933018,0.016024169578
final-20260805T122631Z-11a3fbb-n0500-c05-r02,2,OP4,500,5,n0500-c05-r02-attempt01,n0500-c05-r02-attempt01,n0500-c05-r02-attempt01-fabric-measured-OP4,n0500-c05-r02-attempt01-traditional-measured-OP4,500,500,500,500,0,0,1.0,1.0,2277.8321278,34.4297786,2.376330943014465,188.0050669877301,2243.4023492,66.1587794178,-185.628736045,0.0126397175411
final-20260805T122631Z-11a3fbb-n0500-c05-r02,2,OP5,500,5,n0500-c05-r02-attempt01,n0500-c05-r02-attempt01,n0500-c05-r02-attempt01-fabric-measured-OP5,n0500-c05-r02-attempt01-traditional-measured-OP5,500,500,500,500,0,0,1.0,1.0,113.3357279,21.08518974999996,99.95068782889928,355.7823097579814,92.25053815,5.37513435941,-255.831621929,0.280932146112
final-20260805T122631Z-11a3fbb-n0500-c05-r02,2,OP6,500,5,n0500-c05-r02-attempt01,n0500-c05-r02-attempt01,n0500-c05-r02-attempt01-fabric-measured-OP6,n0500-c05-r02-attempt01-traditional-measured-OP6,500,500,500,500,0,0,1.0,1.0,41.4711433,43.36108424999996,167.10577368318368,257.3935941857003,-1.88994095,0.956413890873,-90.2878205025,0.649222736921
final-20260805T122631Z-11a3fbb-n0500-c05-r03,3,OP1,500,5,n0500-c05-r03-attempt01,n0500-c05-r03-attempt01,n0500-c05-r03-attempt01-fabric-measured-OP1,n0500-c05-r03-attempt01-traditional-measured-OP1,500,500,500,500,0,0,1.0,1.0,2315.04059955,60.11835299999999,2.352653940917728,164.6814776196691,2254.92224655,38.5080509366,-162.328823679,0.0142860871479
final-20260805T122631Z-11a3fbb-n0500-c05-r03,3,OP2,500,5,n0500-c05-r03-attempt01,n0500-c05-r03-attempt01,n0500-c05-r03-attempt01-fabric-measured-OP2,n0500-c05-r03-attempt01-traditional-measured-OP2,500,500,500,500,0,0,1.0,1.0,115.64630245,21.85825175,78.30356515062505,360.23881357779084,93.7880507,5.29073888309,-281.935248427,0.217365709078
final-20260805T122631Z-11a3fbb-n0500-c05-r03,3,OP3,500,5,n0500-c05-r03-attempt01,n0500-c05-r03-attempt01,n0500-c05-r03-attempt01-fabric-measured-OP3,n0500-c05-r03-attempt01-traditional-measured-OP3,500,500,500,500,0,0,1.0,1.0,2218.66327995,31.651882949999997,2.3739790780396284,188.3055058237472,2187.011397,70.0957754537,-185.931526746,0.0126070614221
final-20260805T122631Z-11a3fbb-n0500-c05-r03,3,OP4,500,5,n0500-c05-r03-attempt01,n0500-c05-r03-attempt01,n0500-c05-r03-attempt01-fabric-measured-OP4,n0500-c05-r03-attempt01-traditional-measured-OP4,500,500,500,500,0,0,1.0,1.0,2220.01422905,71.76894924999998,2.378830326883702,149.50927728613271,2148.2452798,30.9327954812,-147.130446959,0.015910921182
final-20260805T122631Z-11a3fbb-n0500-c05-r03,3,OP5,500,5,n0500-c05-r03-attempt01,n0500-c05-r03-attempt01,n0500-c05-r03-attempt01-fabric-measured-OP5,n0500-c05-r03-attempt01-traditional-measured-OP5,500,500,500,500,0,0,1.0,1.0,103.72740055,18.1231471,107.85302776877994,384.4288544123627,85.60425345,5.72347616988,-276.575826644,0.280553934833
final-20260805T122631Z-11a3fbb-n0500-c05-r03,3,OP6,500,5,n0500-c05-r03-attempt01,n0500-c05-r03-attempt01,n0500-c05-r03-attempt01-fabric-measured-OP6,n0500-c05-r03-attempt01-traditional-measured-OP6,500,500,500,500,0,0,1.0,1.0,81.63255079999996,17.9622085,135.5059070572431,369.21844356034535,63.6703423,4.54468340015,-233.712536503,0.367007416397
final-20260805T122631Z-11a3fbb-n0500-c05-r04,4,OP1,500,5,n0500-c05-r04-attempt01,n0500-c05-r04-attempt01,n0500-c05-r04-attempt01-fabric-measured-OP1,n0500-c05-r04-attempt01-traditional-measured-OP1,500,500,500,500,0,0,1.0,1.0,2339.0458401,68.70343574999981,2.3524929783016715,141.50142886600503,2270.34240435,34.0455439319,-139.148935888,0.0166252241914
final-20260805T122631Z-11a3fbb-n0500-c05-r04,4,OP2,500,5,n0500-c05-r04-attempt01,n0500-c05-r04-attempt01,n0500-c05-r04-attempt01-fabric-measured-OP2,n0500-c05-r04-attempt01-traditional-measured-OP2,500,500,500,500,0,0,1.0,1.0,110.45412005,17.917483299999994,68.17856118658344,395.92680543274577,92.53663675,6.16460013946,-327.748244246,0.172199912335
final-20260805T122631Z-11a3fbb-n0500-c05-r04,4,OP3,500,5,n0500-c05-r04-attempt01,n0500-c05-r04-attempt01,n0500-c05-r04-attempt01-fabric-measured-OP3,n0500-c05-r04-attempt01-traditional-measured-OP3,500,500,500,500,0,0,1.0,1.0,2204.36575885,73.43871774999998,2.3708762727628585,155.03725878503673,2130.9270411,30.0163977039,-152.666382512,0.0152923000016
final-20260805T122631Z-11a3fbb-n0500-c05-r04,4,OP4,500,5,n0500-c05-r04-attempt01,n0500-c05-r04-attempt01,n0500-c05-r04-attempt01-fabric-measured-OP4,n0500-c05-r04-attempt01-traditional-measured-OP4,500,500,500,500,0,0,1.0,1.0,2169.43340665,108.6239328499999,2.385832988289538,120.4235620375395,2060.8094738,19.9719651989,-118.037729049,0.0198120114363
final-20260805T122631Z-11a3fbb-n0500-c05-r04,4,OP5,500,5,n0500-c05-r04-attempt01,n0500-c05-r04-attempt01,n0500-c05-r04-attempt01-fabric-measured-OP5,n0500-c05-r04-attempt01-traditional-measured-OP5,500,500,500,500,0,0,1.0,1.0,81.63400964999994,42.34956534999997,113.5882174116974,300.75298954561856,39.2844443,1.92762331739,-187.164772134,0.377679429166
final-20260805T122631Z-11a3fbb-n0500-c05-r04,4,OP6,500,5,n0500-c05-r04-attempt01,n0500-c05-r04-attempt01,n0500-c05-r04-attempt01-fabric-measured-OP6,n0500-c05-r04-attempt01-traditional-measured-OP6,500,500,500,500,0,0,1.0,1.0,95.87678759999976,17.84379484999999,116.48929192429826,368.0318401716035,78.03299275,5.37311644782,-251.542548247,0.316519602951
final-20260805T122631Z-11a3fbb-n0500-c05-r05,5,OP1,500,5,n0500-c05-r05-attempt01,n0500-c05-r05-attempt01,n0500-c05-r05-attempt01-fabric-measured-OP1,n0500-c05-r05-attempt01-traditional-measured-OP1,500,500,500,500,0,0,1.0,1.0,2197.8600931,38.79624619999986,2.3703804054892443,167.7220050542047,2159.0638469,56.6513595612,-165.351624649,0.0141327931581
final-20260805T122631Z-11a3fbb-n0500-c05-r05,5,OP2,500,5,n0500-c05-r05-attempt01,n0500-c05-r05-attempt01,n0500-c05-r05-attempt01-fabric-measured-OP2,n0500-c05-r05-attempt01-traditional-measured-OP2,500,500,500,500,0,0,1.0,1.0,135.47277624999998,51.146165599999954,71.34227171961464,261.2874088619197,84.32661065,2.64873768465,-189.945137142,0.273041368623
final-20260805T122631Z-11a3fbb-n0500-c05-r05,5,OP3,500,5,n0500-c05-r05-attempt01,n0500-c05-r05-attempt01,n0500-c05-r05-attempt01-fabric-measured-OP3,n0500-c05-r05-attempt01-traditional-measured-OP3,500,500,500,500,0,0,1.0,1.0,3430.7192002,72.83312819999993,2.0982164250814184,126.06637625158984,3357.886072,47.1038287794,-123.968159827,0.0166437434586
final-20260805T122631Z-11a3fbb-n0500-c05-r05,5,OP4,500,5,n0500-c05-r05-attempt01,n0500-c05-r05-attempt01,n0500-c05-r05-attempt01-fabric-measured-OP4,n0500-c05-r05-attempt01-traditional-measured-OP4,500,500,500,500,0,0,1.0,1.0,2162.11447185,33.7025988,2.3884211539536286,189.58944259085544,2128.41187305,64.1527522753,-187.201021437,0.0125978594658
final-20260805T122631Z-11a3fbb-n0500-c05-r05,5,OP5,500,5,n0500-c05-r05-attempt01,n0500-c05-r05-attempt01,n0500-c05-r05-attempt01-fabric-measured-OP5,n0500-c05-r05-attempt01-traditional-measured-OP5,500,500,500,500,0,0,1.0,1.0,64.42036334999999,30.96795955,127.6557442308136,319.4357629789961,33.4524038,2.08022628181,-191.780018748,0.399628842558
final-20260805T122631Z-11a3fbb-n0500-c05-r05,5,OP6,500,5,n0500-c05-r05-attempt01,n0500-c05-r05-attempt01,n0500-c05-r05-attempt01-fabric-measured-OP6,n0500-c05-r05-attempt01-traditional-measured-OP6,500,500,500,500,0,0,1.0,1.0,37.9164774,44.80732259999999,171.58659366078064,249.17102792377983,-6.8908452,0.846211627918,-77.584434263,0.688629794124
final-20260805T122631Z-11a3fbb-n0500-c05-r06,6,OP1,500,5,n0500-c05-r06-attempt01,n0500-c05-r06-attempt01,n0500-c05-r06-attempt01-fabric-measured-OP1,n0500-c05-r06-attempt01-traditional-measured-OP1,500,500,500,500,0,0,1.0,1.0,2242.35861495,72.5433145999998,2.3630656847136864,143.6289749294395,2169.81530035,30.9106170198,-141.265909245,0.0164525694476
final-20260805T122631Z-11a3fbb-n0500-c05-r06,6,OP2,500,5,n0500-c05-r06-attempt01,n0500-c05-r06-attempt01,n0500-c05-r06-attempt01-fabric-measured-OP2,n0500-c05-r06-attempt01-traditional-measured-OP2,500,500,500,500,0,0,1.0,1.0,93.93985789999992,18.0713239,86.51987899185754,399.5829670849093,75.868534,5.19828311527,-313.063088093,0.216525443071
final-20260805T122631Z-11a3fbb-n0500-c05-r06,6,OP3,500,5,n0500-c05-r06-attempt01,n0500-c05-r06-attempt01,n0500-c05-r06-attempt01-fabric-measured-OP3,n0500-c05-r06-attempt01-traditional-measured-OP3,500,500,500,500,0,0,1.0,1.0,2231.962125,59.90268609999996,2.375656798782453,163.86880456376457,2172.0594389,37.2598003581,-161.493147765,0.014497309632
final-20260805T122631Z-11a3fbb-n0500-c05-r06,6,OP4,500,5,n0500-c05-r06-attempt01,n0500-c05-r06-attempt01,n0500-c05-r06-attempt01-fabric-measured-OP4,n0500-c05-r06-attempt01-traditional-measured-OP4,500,500,500,500,0,0,1.0,1.0,2190.7524405500003,50.36885204999974,2.386007830460759,151.37673075181087,2140.3835885,43.4941903853,-148.990722921,0.0157620515294
final-20260805T122631Z-11a3fbb-n0500-c05-r06,6,OP5,500,5,n0500-c05-r06-attempt01,n0500-c05-r06-attempt01,n0500-c05-r06-attempt01-fabric-measured-OP5,n0500-c05-r06-attempt01-traditional-measured-OP5,500,500,500,500,0,0,1.0,1.0,67.97194259999992,34.28870959999997,131.43440169339874,300.80310180843054,33.683233,1.98234180851,-169.368700115,0.436944967998
final-20260805T122631Z-11a3fbb-n0500-c05-r06,6,OP6,500,5,n0500-c05-r06-attempt01,n0500-c05-r06-attempt01,n0500-c05-r06-attempt01-fabric-measured-OP6,n0500-c05-r06-attempt01-traditional-measured-OP6,500,500,500,500,0,0,1.0,1.0,58.969444499999966,17.802021149999998,133.11887300718672,367.7974828556702,41.16742335,3.31251401193,-234.678609848,0.361935247554
final-20260805T122631Z-11a3fbb-n0500-c05-r07,7,OP1,500,5,n0500-c05-r07-attempt01,n0500-c05-r07-attempt01,n0500-c05-r07-attempt01-fabric-measured-OP1,n0500-c05-r07-attempt01-traditional-measured-OP1,500,500,500,500,0,0,1.0,1.0,2283.3506731999983,51.39988269999996,2.356526924961823,168.22005551800137,2231.9507905,44.4232662266,-165.863528593,0.0140085967616
final-20260805T122631Z-11a3fbb-n0500-c05-r07,7,OP2,500,5,n0500-c05-r07-attempt01,n0500-c05-r07-attempt01,n0500-c05-r07-attempt01-fabric-measured-OP2,n0500-c05-r07-attempt01-traditional-measured-OP2,500,500,500,500,0,0,1.0,1.0,120.7455241499999,43.39345714999998,77.64920149678917,269.58978281552703,77.352067,2.78257442666,-191.940581319,0.288027241559
final-20260805T122631Z-11a3fbb-n0500-c05-r07,7,OP3,500,5,n0500-c05-r07-attempt01,n0500-c05-r07-attempt01,n0500-c05-r07-attempt01-fabric-measured-OP3,n0500-c05-r07-attempt01-traditional-measured-OP3,500,500,500,500,0,0,1.0,1.0,2192.663029649997,118.43738375,2.369325484167689,122.40803240627312,2074.2256459,18.5132680259,-120.038706922,0.0193559641275
final-20260805T122631Z-11a3fbb-n0500-c05-r07,7,OP4,500,5,n0500-c05-r07-attempt01,n0500-c05-r07-attempt01,n0500-c05-r07-attempt01-fabric-measured-OP4,n0500-c05-r07-attempt01-traditional-measured-OP4,500,500,500,500,0,0,1.0,1.0,2188.0174651,32.07896215,2.3810625817443247,191.86508214422983,2155.93850295,68.2072398374,-189.484019562,0.012410088147
final-20260805T122631Z-11a3fbb-n0500-c05-r07,7,OP5,500,5,n0500-c05-r07-attempt01,n0500-c05-r07-attempt01,n0500-c05-r07-attempt01-fabric-measured-OP5,n0500-c05-r07-attempt01-traditional-measured-OP5,500,500,500,500,0,0,1.0,1.0,95.45018654999974,33.99551674999996,118.75782510005864,314.7747476501527,61.4546698,2.80772865587,-196.01692255,0.377278755639
final-20260805T122631Z-11a3fbb-n0500-c05-r07,7,OP6,500,5,n0500-c05-r07-attempt01,n0500-c05-r07-attempt01,n0500-c05-r07-attempt01-fabric-measured-OP6,n0500-c05-r07-attempt01-traditional-measured-OP6,500,500,500,500,0,0,1.0,1.0,58.975938799999774,42.32793309999996,143.72997008062612,255.5647414326412,16.6480057,1.3933101496,-111.834771352,0.562401406684
final-20260805T122631Z-11a3fbb-n0500-c05-r08,8,OP1,500,5,n0500-c05-r08-attempt01,n0500-c05-r08-attempt01,n0500-c05-r08-attempt01-fabric-measured-OP1,n0500-c05-r08-attempt01-traditional-measured-OP1,500,500,500,500,0,0,1.0,1.0,2197.44443545,44.76758429999997,2.3651063143816224,170.45793983386392,2152.67685115,49.0856156259,-168.092833519,0.0138750140749
final-20260805T122631Z-11a3fbb-n0500-c05-r08,8,OP2,500,5,n0500-c05-r08-attempt01,n0500-c05-r08-attempt01,n0500-c05-r08-attempt01-fabric-measured-OP2,n0500-c05-r08-attempt01-traditional-measured-OP2,500,500,500,500,0,0,1.0,1.0,146.43193984999982,17.043269499999997,71.69966676237655,396.2381668305582,129.38867035,8.59177517847,-324.538500068,0.180950934979
final-20260805T122631Z-11a3fbb-n0500-c05-r08,8,OP3,500,5,n0500-c05-r08-attempt01,n0500-c05-r08-attempt01,n0500-c05-r08-attempt01-fabric-measured-OP3,n0500-c05-r08-attempt01-traditional-measured-OP3,500,500,500,500,0,0,1.0,1.0,2212.77379745,59.70053799999998,2.373321355167416,147.22163454944462,2153.07325945,37.0645537139,-144.848313194,0.0161207377056
final-20260805T122631Z-11a3fbb-n0500-c05-r08,8,OP4,500,5,n0500-c05-r08-attempt01,n0500-c05-r08-attempt01,n0500-c05-r08-attempt01-fabric-measured-OP4,n0500-c05-r08-attempt01-traditional-measured-OP4,500,500,500,500,0,0,1.0,1.0,2208.98926595,86.7033171999999,2.379617423317322,140.4927827909154,2122.28594875,25.4775634576,-138.113165368,0.0169376488674
final-20260805T122631Z-11a3fbb-n0500-c05-r08,8,OP5,500,5,n0500-c05-r08-attempt01,n0500-c05-r08-attempt01,n0500-c05-r08-attempt01-fabric-measured-OP5,n0500-c05-r08-attempt01-traditional-measured-OP5,500,500,500,500,0,0,1.0,1.0,66.1616695,67.62812249999982,123.51377584195174,216.94273308482465,-1.466453,0.978315929146,-93.4289572429,0.569338157059
final-20260805T122631Z-11a3fbb-n0500-c05-r08,8,OP6,500,5,n0500-c05-r08-attempt01,n0500-c05-r08-attempt01,n0500-c05-r08-attempt01-fabric-measured-OP6,n0500-c05-r08-attempt01-traditional-measured-OP6,500,500,500,500,0,0,1.0,1.0,80.47930184999997,18.424560249999992,126.54342385131822,357.9050970870438,62.0547416,4.36804465116,-231.361673236,0.353566978736
final-20260805T122631Z-11a3fbb-n0500-c05-r09,9,OP1,500,5,n0500-c05-r09-attempt01,n0500-c05-r09-attempt01,n0500-c05-r09-attempt01-fabric-measured-OP1,n0500-c05-r09-attempt01-traditional-measured-OP1,500,500,500,500,0,0,1.0,1.0,2292.96297865,34.32061314999998,2.3569330606566408,187.97701260542607,2258.6423655,66.8100819944,-185.620079545,0.0125384110961
final-20260805T122631Z-11a3fbb-n0500-c05-r09,9,OP2,500,5,n0500-c05-r09-attempt01,n0500-c05-r09-attempt01,n0500-c05-r09-attempt01-fabric-measured-OP2,n0500-c05-r09-attempt01-traditional-measured-OP2,500,500,500,500,0,0,1.0,1.0,92.23236034999996,28.5193063,82.80353603670476,322.3574579596699,63.71305405,3.23403239124,-239.553921923,0.256868684102
final-20260805T122631Z-11a3fbb-n0500-c05-r09,9,OP3,500,5,n0500-c05-r09-attempt01,n0500-c05-r09-attempt01,n0500-c05-r09-attempt01-fabric-measured-OP3,n0500-c05-r09-attempt01-traditional-measured-OP3,500,500,500,500,0,0,1.0,1.0,2271.885715,36.05343824999999,2.3710174442563408,171.56230854203946,2235.83227675,63.0143982176,-169.191291098,0.0138201535314
final-20260805T122631Z-11a3fbb-n0500-c05-r09,9,OP4,500,5,n0500-c05-r09-attempt01,n0500-c05-r09-attempt01,n0500-c05-r09-attempt01-fabric-measured-OP4,n0500-c05-r09-attempt01-traditional-measured-OP4,500,500,500,500,0,0,1.0,1.0,2257.65496945,71.21063139999983,2.370915004696906,148.75943517948963,2186.44433805,31.7039032665,-146.388520175,0.015937913463
final-20260805T122631Z-11a3fbb-n0500-c05-r09,9,OP5,500,5,n0500-c05-r09-attempt01,n0500-c05-r09-attempt01,n0500-c05-r09-attempt01-fabric-measured-OP5,n0500-c05-r09-attempt01-traditional-measured-OP5,500,500,500,500,0,0,1.0,1.0,62.72452919999998,55.5160049,131.96524464501454,259.63241814468927,7.2085243,1.12984587621,-127.6671735,0.508277223576
final-20260805T122631Z-11a3fbb-n0500-c05-r09,9,OP6,500,5,n0500-c05-r09-attempt01,n0500-c05-r09-attempt01,n0500-c05-r09-attempt01-fabric-measured-OP6,n0500-c05-r09-attempt01-traditional-measured-OP6,500,500,500,500,0,0,1.0,1.0,81.65041504999998,19.81924945,122.26670566459428,350.09105651323455,61.8311656,4.11975313475,-227.824350849,0.349242585293
final-20260805T122631Z-11a3fbb-n0500-c05-r10,10,OP1,500,5,n0500-c05-r10-attempt01,n0500-c05-r10-attempt01,n0500-c05-r10-attempt01-fabric-measured-OP1,n0500-c05-r10-attempt01-traditional-measured-OP1,500,500,500,500,0,0,1.0,1.0,2352.23595805,238.85139015,2.3436696636290164,29.04493580497118,2113.3845679,9.84811499976,-26.7012661413,0.0806911634912
final-20260805T122631Z-11a3fbb-n0500-c05-r10,10,OP2,500,5,n0500-c05-r10-attempt01,n0500-c05-r10-attempt01,n0500-c05-r10-attempt01-fabric-measured-OP2,n0500-c05-r10-attempt01-traditional-measured-OP2,500,500,500,500,0,0,1.0,1.0,67.83206394999999,18.2909483,94.01175545590648,387.7654894394388,49.54111565,3.7085044929,-293.753733984,0.242444874586
final-20260805T122631Z-11a3fbb-n0500-c05-r10,10,OP3,500,5,n0500-c05-r10-attempt01,n0500-c05-r10-attempt01,n0500-c05-r10-attempt01-fabric-measured-OP3,n0500-c05-r10-attempt01-traditional-measured-OP3,500,500,500,500,0,0,1.0,1.0,2268.03039965,211.73770885,2.357178444602332,73.69493529284448,2056.2926908,10.7115091212,-71.3377568482,0.0319856233707
final-20260805T122631Z-11a3fbb-n0500-c05-r10,10,OP4,500,5,n0500-c05-r10-attempt01,n0500-c05-r10-attempt01,n0500-c05-r10-attempt01-fabric-measured-OP4,n0500-c05-r10-attempt01-traditional-measured-OP4,500,500,500,500,0,0,1.0,1.0,2250.25491705,242.14675799999983,2.3733242979512807,29.4941991621653,2008.10815905,9.29293844624,-27.1208748642,0.08046749413
final-20260805T122631Z-11a3fbb-n0500-c05-r10,10,OP5,500,5,n0500-c05-r10-attempt01,n0500-c05-r10-attempt01,n0500-c05-r10-attempt01-fabric-measured-OP5,n0500-c05-r10-attempt01-traditional-measured-OP5,500,500,500,500,0,0,1.0,1.0,48.39816149999999,16.660572799999997,148.42411043604227,410.1789970691193,31.7375887,2.90495183335,-261.754886633,0.361852048731
final-20260805T122631Z-11a3fbb-n0500-c05-r10,10,OP6,500,5,n0500-c05-r10-attempt01,n0500-c05-r10-attempt01,n0500-c05-r10-attempt01-fabric-measured-OP6,n0500-c05-r10-attempt01-traditional-measured-OP6,500,500,500,500,0,0,1.0,1.0,105.38725775,19.66683115,99.8153630785339,344.8462010048268,85.7204266,5.35862930567,-245.030837926,0.289448927631
final-20260805T122631Z-11a3fbb-n0500-c10-r01,1,OP1,500,10,n0500-c10-r01-attempt01,n0500-c10-r01-attempt01,n0500-c10-r01-attempt01-fabric-measured-OP1,n0500-c10-r01-attempt01-traditional-measured-OP1,500,500,500,500,0,0,1.0,1.0,396.24690635,75.6463921,50.46151312197135,186.05921412411095,320.60051425,5.23814679524,-135.597701002,0.271212115775
final-20260805T122631Z-11a3fbb-n0500-c10-r01,1,OP2,500,10,n0500-c10-r01-attempt01,n0500-c10-r01-attempt01,n0500-c10-r01-attempt01-fabric-measured-OP2,n0500-c10-r01-attempt01-traditional-measured-OP2,500,500,500,500,0,0,1.0,1.0,336.55176714999914,95.77485969999994,59.30914930729481,292.1469406559348,240.77690745,3.51398862086,-232.837791349,0.203011365357
final-20260805T122631Z-11a3fbb-n0500-c10-r01,1,OP3,500,10,n0500-c10-r01-attempt01,n0500-c10-r01-attempt01,n0500-c10-r01-attempt01-fabric-measured-OP3,n0500-c10-r01-attempt01-traditional-measured-OP3,500,500,500,500,0,0,1.0,1.0,355.232706,250.55576879999987,52.211336157009136,131.043828755685,104.6769372,1.41777899468,-78.8324925987,0.398426516172
final-20260805T122631Z-11a3fbb-n0500-c10-r01,1,OP4,500,10,n0500-c10-r01-attempt01,n0500-c10-r01-attempt01,n0500-c10-r01-attempt01-fabric-measured-OP4,n0500-c10-r01-attempt01-traditional-measured-OP4,500,500,500,500,0,0,1.0,1.0,261.7831524499998,71.558064,57.95022528447944,188.50837162059008,190.22508845,3.65833195892,-130.558146336,0.307414598016
final-20260805T122631Z-11a3fbb-n0500-c10-r01,1,OP5,500,10,n0500-c10-r01-attempt01,n0500-c10-r01-attempt01,n0500-c10-r01-attempt01-fabric-measured-OP5,n0500-c10-r01-attempt01-traditional-measured-OP5,500,500,500,500,0,0,1.0,1.0,164.30698129999993,208.0835976499999,112.16632873535384,145.78361794881909,-43.77661635,0.789620052496,-33.6172892135,0.769402833552
final-20260805T122631Z-11a3fbb-n0500-c10-r01,1,OP6,500,10,n0500-c10-r01-attempt01,n0500-c10-r01-attempt01,n0500-c10-r01-attempt01-fabric-measured-OP6,n0500-c10-r01-attempt01-traditional-measured-OP6,500,500,500,500,0,0,1.0,1.0,241.9754361499999,83.64912894999988,100.49319041047887,295.66858147277446,158.3263072,2.89274304691,-195.175391062,0.339884575865
final-20260805T122631Z-11a3fbb-n0500-c10-r02,2,OP1,500,10,n0500-c10-r02-attempt02,n0500-c10-r02-attempt02,n0500-c10-r02-attempt02-fabric-measured-OP1,n0500-c10-r02-attempt02-traditional-measured-OP1,500,500,500,500,0,0,1.0,1.0,500.1398107999974,79.67515784999999,42.22301630223288,180.2200436848484,420.46465295,6.2772365226,-137.997027383,0.234285906489
final-20260805T122631Z-11a3fbb-n0500-c10-r02,2,OP2,500,10,n0500-c10-r02-attempt02,n0500-c10-r02-attempt02,n0500-c10-r02-attempt02-fabric-measured-OP2,n0500-c10-r02-attempt02-traditional-measured-OP2,500,500,500,500,0,0,1.0,1.0,337.84876919999994,82.9869729,64.05216122696378,314.81260592633544,254.8617963,4.07110607116,-250.760444699,0.20346123383
final-20260805T122631Z-11a3fbb-n0500-c10-r02,2,OP3,500,10,n0500-c10-r02-attempt02,n0500-c10-r02-attempt02,n0500-c10-r02-attempt02-fabric-measured-OP3,n0500-c10-r02-attempt02-traditional-measured-OP3,500,500,500,500,0,0,1.0,1.0,326.32058914999965,67.06192159999999,52.19405116047116,178.62865155819983,259.25866755,4.86595942026,-126.434600398,0.292193053607
final-20260805T122631Z-11a3fbb-n0500-c10-r02,2,OP4,500,10,n0500-c10-r02-attempt02,n0500-c10-r02-attempt02,n0500-c10-r02-attempt02-fabric-measured-OP4,n0500-c10-r02-attempt02-traditional-measured-OP4,500,500,500,500,0,0,1.0,1.0,326.65641559999966,126.50365589999996,55.82265044544506,142.59171798886243,200.1527597,2.58218952864,-86.7690675434,0.391485923816
final-20260805T122631Z-11a3fbb-n0500-c10-r02,2,OP5,500,10,n0500-c10-r02-attempt02,n0500-c10-r02-attempt02,n0500-c10-r02-attempt02-fabric-measured-OP5,n0500-c10-r02-attempt02-traditional-measured-OP5,500,500,500,500,0,0,1.0,1.0,242.10968839999973,158.51405024999968,96.56663861684572,185.54857223670865,83.59563815,1.52737052658,-88.9819336199,0.520438597036
final-20260805T122631Z-11a3fbb-n0500-c10-r02,2,OP6,500,10,n0500-c10-r02-attempt02,n0500-c10-r02-attempt02,n0500-c10-r02-attempt02-fabric-measured-OP6,n0500-c10-r02-attempt02-traditional-measured-OP6,500,500,500,500,0,0,1.0,1.0,272.09789539999986,84.71652194999982,81.62334071091938,307.9911339577839,187.38137345,3.21186339024,-226.367793247,0.265018475246
final-20260805T122631Z-11a3fbb-n0500-c10-r03,3,OP1,500,10,n0500-c10-r03-attempt01,n0500-c10-r03-attempt01,n0500-c10-r03-attempt01-fabric-measured-OP1,n0500-c10-r03-attempt01-traditional-measured-OP1,500,500,500,500,0,0,1.0,1.0,473.76447504999993,114.74040159999976,46.588073123380944,156.1544904482347,359.02407345,4.12901182533,-109.566417325,0.298346035325
final-20260805T122631Z-11a3fbb-n0500-c10-r03,3,OP2,500,10,n0500-c10-r03-attempt01,n0500-c10-r03-attempt01,n0500-c10-r03-attempt01-fabric-measured-OP2,n0500-c10-r03-attempt01-traditional-measured-OP2,500,500,500,500,0,0,1.0,1.0,297.7000928999996,78.34113069999994,62.22709237554876,335.9267365609361,219.3589622,3.80004845781,-273.699644185,0.185240070536
final-20260805T122631Z-11a3fbb-n0500-c10-r03,3,OP3,500,10,n0500-c10-r03-attempt01,n0500-c10-r03-attempt01,n0500-c10-r03-attempt01-fabric-measured-OP3,n0500-c10-r03-attempt01-traditional-measured-OP3,500,500,500,500,0,0,1.0,1.0,346.8663946,158.39404184999918,50.47147431597678,145.62517893548235,188.47235275,2.18989546923,-95.1537046195,0.346584805491
final-20260805T122631Z-11a3fbb-n0500-c10-r03,3,OP4,500,10,n0500-c10-r03-attempt01,n0500-c10-r03-attempt01,n0500-c10-r03-attempt01-fabric-measured-OP4,n0500-c10-r03-attempt01-traditional-measured-OP4,500,500,500,500,0,0,1.0,1.0,399.9351566499996,68.37750424999999,55.64174483468906,182.2823633261158,331.5576524,5.84892884051,-126.640618491,0.305250293113
final-20260805T122631Z-11a3fbb-n0500-c10-r03,3,OP5,500,10,n0500-c10-r03-attempt01,n0500-c10-r03-attempt01,n0500-c10-r03-attempt01-fabric-measured-OP5,n0500-c10-r03-attempt01-traditional-measured-OP5,500,500,500,500,0,0,1.0,1.0,218.80756569999988,126.1091277,100.31236814014444,230.6564051531645,92.698438,1.73506525412,-130.344037013,0.434899555785
final-20260805T122631Z-11a3fbb-n0500-c10-r03,3,OP6,500,10,n0500-c10-r03-attempt01,n0500-c10-r03-attempt01,n0500-c10-r03-attempt01-fabric-measured-OP6,n0500-c10-r03-attempt01-traditional-measured-OP6,500,500,500,500,0,0,1.0,1.0,204.33600614999963,69.50197789999997,111.65370531837137,321.20449568501846,134.83402825,2.94000274991,-209.550790367,0.347609410261
final-20260805T122631Z-11a3fbb-n0500-c10-r04,4,OP1,500,10,n0500-c10-r04-attempt01,n0500-c10-r04-attempt01,n0500-c10-r04-attempt01-fabric-measured-OP1,n0500-c10-r04-attempt01-traditional-measured-OP1,500,500,500,500,0,0,1.0,1.0,483.9821410999999,129.58636925,45.97758363296187,151.31442669215588,354.39577185,3.7348229131,-105.336843059,0.30385459363
final-20260805T122631Z-11a3fbb-n0500-c10-r04,4,OP2,500,10,n0500-c10-r04-attempt01,n0500-c10-r04-attempt01,n0500-c10-r04-attempt01-fabric-measured-OP2,n0500-c10-r04-attempt01-traditional-measured-OP2,500,500,500,500,0,0,1.0,1.0,382.5753548,86.43720344999993,58.99286163343423,312.8636095003421,296.13815135,4.42604965837,-253.870747867,0.188557760769
final-20260805T122631Z-11a3fbb-n0500-c10-r04,4,OP3,500,10,n0500-c10-r04-attempt01,n0500-c10-r04-attempt01,n0500-c10-r04-attempt01-fabric-measured-OP3,n0500-c10-r04-attempt01-traditional-measured-OP3,500,500,500,500,0,0,1.0,1.0,382.99025959999983,122.0739809,53.63173065472796,156.9907474978551,260.9162787,3.13736192411,-103.359016843,0.341623512911
final-20260805T122631Z-11a3fbb-n0500-c10-r04,4,OP4,500,10,n0500-c10-r04-attempt01,n0500-c10-r04-attempt01,n0500-c10-r04-attempt01-fabric-measured-OP4,n0500-c10-r04-attempt01-traditional-measured-OP4,500,500,500,500,0,0,1.0,1.0,298.1119709499999,62.5682541,56.46147650825392,190.8234508466519,235.54371685,4.76458829223,-134.361974338,0.295883321771
final-20260805T122631Z-11a3fbb-n0500-c10-r04,4,OP5,500,10,n0500-c10-r04-attempt01,n0500-c10-r04-attempt01,n0500-c10-r04-attempt01-fabric-measured-OP5,n0500-c10-r04-attempt01-traditional-measured-OP5,500,500,500,500,0,0,1.0,1.0,114.08145035,108.12739149999987,128.44701587081104,250.2315701754823,5.95405885,1.0550652223,-121.784554305,0.513312591935
final-20260805T122631Z-11a3fbb-n0500-c10-r04,4,OP6,500,10,n0500-c10-r04-attempt01,n0500-c10-r04-attempt01,n0500-c10-r04-attempt01-fabric-measured-OP6,n0500-c10-r04-attempt01-traditional-measured-OP6,500,500,500,500,0,0,1.0,1.0,239.81475744999983,76.39887935,93.66967461261108,320.4505818202346,163.4158781,3.13898265904,-226.780907208,0.292306146179
final-20260805T122631Z-11a3fbb-n0500-c10-r05,5,OP1,500,10,n0500-c10-r05-attempt01,n0500-c10-r05-attempt01,n0500-c10-r05-attempt01-fabric-measured-OP1,n0500-c10-r05-attempt01-traditional-measured-OP1,500,500,500,500,0,0,1.0,1.0,1965.64866565,200.93017814999985,8.19083649784128,126.62287152967544,1764.7184875,9.78274485071,-118.432035032,0.0646868642204
final-20260805T122631Z-11a3fbb-n0500-c10-r05,5,OP2,500,10,n0500-c10-r05-attempt01,n0500-c10-r05-attempt01,n0500-c10-r05-attempt01-fabric-measured-OP2,n0500-c10-r05-attempt01-traditional-measured-OP2,500,500,500,500,0,0,1.0,1.0,339.4225180999997,84.31579549999994,57.67512775355704,320.42226876886866,255.1067226,4.02561010173,-262.747141015,0.179997251674
final-20260805T122631Z-11a3fbb-n0500-c10-r05,5,OP3,500,10,n0500-c10-r05-attempt01,n0500-c10-r05-attempt01,n0500-c10-r05-attempt01-fabric-measured-OP3,n0500-c10-r05-attempt01-traditional-measured-OP3,500,500,500,500,0,0,1.0,1.0,426.5143227499999,119.82575089999987,47.95272658938209,158.60496397736935,306.68857185,3.55945462095,-110.652237388,0.302340641723
final-20260805T122631Z-11a3fbb-n0500-c10-r05,5,OP4,500,10,n0500-c10-r05-attempt01,n0500-c10-r05-attempt01,n0500-c10-r05-attempt01-fabric-measured-OP4,n0500-c10-r05-attempt01-traditional-measured-OP4,500,500,500,500,0,0,1.0,1.0,284.1221067999999,84.49377899999934,56.87800499212608,173.1273167432247,199.6283278,3.36263935834,-116.249311751,0.328532816554
final-20260805T122631Z-11a3fbb-n0500-c10-r05,5,OP5,500,10,n0500-c10-r05-attempt01,n0500-c10-r05-attempt01,n0500-c10-r05-attempt01-fabric-measured-OP5,n0500-c10-r05-attempt01-traditional-measured-OP5,500,500,500,500,0,0,1.0,1.0,196.29157769999992,122.41510919999992,97.42629150832414,244.66285463768844,73.8764685,1.60349142343,-147.236563129,0.398206305786
final-20260805T122631Z-11a3fbb-n0500-c10-r05,5,OP6,500,10,n0500-c10-r05-attempt01,n0500-c10-r05-attempt01,n0500-c10-r05-attempt01-fabric-measured-OP6,n0500-c10-r05-attempt01-traditional-measured-OP6,500,500,500,500,0,0,1.0,1.0,204.2800365499998,109.35184234999996,109.44716226264508,289.72135438588765,94.9281942,1.86809871841,-180.274192123,0.377766984055
final-20260805T122631Z-11a3fbb-n0500-c10-r06,6,OP1,500,10,n0500-c10-r06-attempt01,n0500-c10-r06-attempt01,n0500-c10-r06-attempt01-fabric-measured-OP1,n0500-c10-r06-attempt01-traditional-measured-OP1,500,500,500,500,0,0,1.0,1.0,348.8829857999999,141.75990639999998,53.099562478370565,139.380016134508,207.1230794,2.46108363542,-86.2804536561,0.38096969674
final-20260805T122631Z-11a3fbb-n0500-c10-r06,6,OP2,500,10,n0500-c10-r06-attempt01,n0500-c10-r06-attempt01,n0500-c10-r06-attempt01-fabric-measured-OP2,n0500-c10-r06-attempt01-traditional-measured-OP2,500,500,500,500,0,0,1.0,1.0,368.7137426999996,70.4940336999999,62.32104218270312,343.69806778046774,298.219709,5.23042480828,-281.377025598,0.181324971028
final-20260805T122631Z-11a3fbb-n0500-c10-r06,6,OP3,500,10,n0500-c10-r06-attempt01,n0500-c10-r06-attempt01,n0500-c10-r06-attempt01-fabric-measured-OP3,n0500-c10-r06-attempt01-traditional-measured-OP3,500,500,500,500,0,0,1.0,1.0,311.28817089999995,97.34317184999992,53.07656425248382,159.9877828209429,213.94499905,3.19784289934,-106.911218568,0.33175385843
final-20260805T122631Z-11a3fbb-n0500-c10-r06,6,OP4,500,10,n0500-c10-r06-attempt01,n0500-c10-r06-attempt01,n0500-c10-r06-attempt01-fabric-measured-OP4,n0500-c10-r06-attempt01-traditional-measured-OP4,500,500,500,500,0,0,1.0,1.0,300.2188474,138.93780904999974,55.4244422202771,144.88848416576857,161.28103835,2.16081460801,-89.4640419455,0.382531728035
final-20260805T122631Z-11a3fbb-n0500-c10-r06,6,OP5,500,10,n0500-c10-r06-attempt01,n0500-c10-r06-attempt01,n0500-c10-r06-attempt01-fabric-measured-OP5,n0500-c10-r06-attempt01-traditional-measured-OP5,500,500,500,500,0,0,1.0,1.0,220.53650924999965,87.83878434999987,100.48283707402987,326.9283980096829,132.6977249,2.51069628162,-226.445560936,0.307354263765
final-20260805T122631Z-11a3fbb-n0500-c10-r06,6,OP6,500,10,n0500-c10-r06-attempt01,n0500-c10-r06-attempt01,n0500-c10-r06-attempt01-fabric-measured-OP6,n0500-c10-r06-attempt01-traditional-measured-OP6,500,500,500,500,0,0,1.0,1.0,234.43668214999997,93.48754454999997,95.26398359762108,270.00510657418005,140.9491376,2.50767825039,-174.741122977,0.352822895857
final-20260805T122631Z-11a3fbb-n0500-c10-r07,7,OP1,500,10,n0500-c10-r07-attempt01,n0500-c10-r07-attempt01,n0500-c10-r07-attempt01-fabric-measured-OP1,n0500-c10-r07-attempt01-traditional-measured-OP1,500,500,500,500,0,0,1.0,1.0,513.76663995,149.90476189999958,43.74476257901285,139.6804582397341,363.86187805,3.42728698834,-95.9356956607,0.313177398831
final-20260805T122631Z-11a3fbb-n0500-c10-r07,7,OP2,500,10,n0500-c10-r07-attempt01,n0500-c10-r07-attempt01,n0500-c10-r07-attempt01-fabric-measured-OP2,n0500-c10-r07-attempt01-traditional-measured-OP2,500,500,500,500,0,0,1.0,1.0,359.0487406,94.69377114999996,57.83718549528645,295.683179919791,264.35496945,3.7916827711,-237.845994425,0.195605260708
final-20260805T122631Z-11a3fbb-n0500-c10-r07,7,OP3,500,10,n0500-c10-r07-attempt01,n0500-c10-r07-attempt01,n0500-c10-r07-attempt01-fabric-measured-OP3,n0500-c10-r07-attempt01-traditional-measured-OP3,500,500,500,500,0,0,1.0,1.0,284.74720685,111.54696259999992,52.41199985600704,162.73141175250296,173.20024425,2.55271143394,-110.319411896,0.322076723182
final-20260805T122631Z-11a3fbb-n0500-c10-r07,7,OP4,500,10,n0500-c10-r07-attempt01,n0500-c10-r07-attempt01,n0500-c10-r07-attempt01-fabric-measured-OP4,n0500-c10-r07-attempt01-traditional-measured-OP4,500,500,500,500,0,0,1.0,1.0,246.11259739999997,123.51482129999992,60.05702125413922,161.05494742499425,122.5977761,1.99257542382,-100.997926171,0.372897711088
final-20260805T122631Z-11a3fbb-n0500-c10-r07,7,OP5,500,10,n0500-c10-r07-attempt01,n0500-c10-r07-attempt01,n0500-c10-r07-attempt01-fabric-measured-OP5,n0500-c10-r07-attempt01-traditional-measured-OP5,500,500,500,500,0,0,1.0,1.0,118.59655955,133.20936964999993,127.78060682337544,237.17907822498196,-14.6128101,0.890301934928,-109.398471402,0.538751595544
final-20260805T122631Z-11a3fbb-n0500-c10-r07,7,OP6,500,10,n0500-c10-r07-attempt01,n0500-c10-r07-attempt01,n0500-c10-r07-attempt01-fabric-measured-OP6,n0500-c10-r07-attempt01-traditional-measured-OP6,500,500,500,500,0,0,1.0,1.0,216.9051482999998,90.08936274999998,100.3480633387832,299.68522526402165,126.81578555,2.40766658437,-199.337161925,0.334844880158
final-20260805T122631Z-11a3fbb-n0500-c10-r08,8,OP1,500,10,n0500-c10-r08-attempt01,n0500-c10-r08-attempt01,n0500-c10-r08-attempt01-fabric-measured-OP1,n0500-c10-r08-attempt01-traditional-measured-OP1,500,500,500,500,0,0,1.0,1.0,511.6197932999997,71.15595895,45.98024866865384,180.58028224807188,440.46383435,7.19011873144,-134.600033579,0.254624968442
final-20260805T122631Z-11a3fbb-n0500-c10-r08,8,OP2,500,10,n0500-c10-r08-attempt01,n0500-c10-r08-attempt01,n0500-c10-r08-attempt01-fabric-measured-OP2,n0500-c10-r08-attempt01-traditional-measured-OP2,500,500,500,500,0,0,1.0,1.0,381.65975394999975,154.9654302999999,58.39735903372389,222.76801286346625,226.69432365,2.46287028798,-164.37065383,0.26214427414
final-20260805T122631Z-11a3fbb-n0500-c10-r08,8,OP3,500,10,n0500-c10-r08-attempt01,n0500-c10-r08-attempt01,n0500-c10-r08-attempt01-fabric-measured-OP3,n0500-c10-r08-attempt01-traditional-measured-OP3,500,500,500,500,0,0,1.0,1.0,346.3956919999999,63.24662205,52.92879169064166,182.11079711587703,283.14906995,5.47690423255,-129.182005425,0.290640601924
final-20260805T122631Z-11a3fbb-n0500-c10-r08,8,OP4,500,10,n0500-c10-r08-attempt01,n0500-c10-r08-attempt01,n0500-c10-r08-attempt01-fabric-measured-OP4,n0500-c10-r08-attempt01-traditional-measured-OP4,500,500,500,500,0,0,1.0,1.0,331.8594232499993,140.71266194999978,55.51453300503555,148.28606275414867,191.1467613,2.35841905519,-92.7715297491,0.374374583652
final-20260805T122631Z-11a3fbb-n0500-c10-r08,8,OP5,500,10,n0500-c10-r08-attempt01,n0500-c10-r08-attempt01,n0500-c10-r08-attempt01-fabric-measured-OP5,n0500-c10-r08-attempt01-traditional-measured-OP5,500,500,500,500,0,0,1.0,1.0,167.1130124499999,85.41131829999996,112.74210148679596,326.9124051568023,81.70169415,1.95656753433,-214.17030367,0.344869450374
final-20260805T122631Z-11a3fbb-n0500-c10-r08,8,OP6,500,10,n0500-c10-r08-attempt01,n0500-c10-r08-attempt01,n0500-c10-r08-attempt01-fabric-measured-OP6,n0500-c10-r08-attempt01-traditional-measured-OP6,500,500,500,500,0,0,1.0,1.0,240.42888344999977,81.82904239999989,95.42453620586512,288.1187222283408,158.59984105,2.93818522615,-192.694186022,0.331198665147
final-20260805T122631Z-11a3fbb-n0500-c10-r09,9,OP1,500,10,n0500-c10-r09-attempt01,n0500-c10-r09-attempt01,n0500-c10-r09-attempt01-fabric-measured-OP1,n0500-c10-r09-attempt01-traditional-measured-OP1,500,500,500,500,0,0,1.0,1.0,1788.03441135,193.5038106999999,10.38234259618832,146.97286061619326,1594.53060065,9.24030593962,-136.59051802,0.0706412228262
final-20260805T122631Z-11a3fbb-n0500-c10-r09,9,OP2,500,10,n0500-c10-r09-attempt01,n0500-c10-r09-attempt01,n0500-c10-r09-attempt01-fabric-measured-OP2,n0500-c10-r09-attempt01-traditional-measured-OP2,500,500,500,500,0,0,1.0,1.0,322.6556006999999,149.2784947999999,64.41563780299732,200.5603177141135,173.3771059,2.16143391004,-136.144679911,0.321178379338
final-20260805T122631Z-11a3fbb-n0500-c10-r09,9,OP3,500,10,n0500-c10-r09-attempt01,n0500-c10-r09-attempt01,n0500-c10-r09-attempt01-fabric-measured-OP3,n0500-c10-r09-attempt01-traditional-measured-OP3,500,500,500,500,0,0,1.0,1.0,289.97470554999995,203.18330869999988,57.20378272790326,140.41914001173916,86.79139685,1.42715810371,-83.2153572838,0.40737881405
final-20260805T122631Z-11a3fbb-n0500-c10-r09,9,OP4,500,10,n0500-c10-r09-attempt01,n0500-c10-r09-attempt01,n0500-c10-r09-attempt01-fabric-measured-OP4,n0500-c10-r09-attempt01-traditional-measured-OP4,500,500,500,500,0,0,1.0,1.0,281.1005288999999,96.63025929999996,55.606300487579965,161.2232186686308,184.4702696,2.90903212861,-105.616918181,0.344902557751
final-20260805T122631Z-11a3fbb-n0500-c10-r09,9,OP5,500,10,n0500-c10-r09-attempt01,n0500-c10-r09-attempt01,n0500-c10-r09-attempt01-fabric-measured-OP5,n0500-c10-r09-attempt01-traditional-measured-OP5,500,500,500,500,0,0,1.0,1.0,133.1926704999999,75.1988733499999,120.45167277577356,329.85146002389246,57.99379715,1.77120566528,-209.399787248,0.365169439502
final-20260805T122631Z-11a3fbb-n0500-c10-r09,9,OP6,500,10,n0500-c10-r09-attempt01,n0500-c10-r09-attempt01,n0500-c10-r09-attempt01-fabric-measured-OP6,n0500-c10-r09-attempt01-traditional-measured-OP6,500,500,500,500,0,0,1.0,1.0,243.86374249999992,140.02212229999978,101.40128000559572,235.26360080273463,103.8416202,1.74160867222,-133.862320797,0.431011340724
final-20260805T122631Z-11a3fbb-n0500-c10-r10,10,OP1,500,10,n0500-c10-r10-attempt01,n0500-c10-r10-attempt01,n0500-c10-r10-attempt01-fabric-measured-OP1,n0500-c10-r10-attempt01-traditional-measured-OP1,500,500,500,500,0,0,1.0,1.0,358.12855634999954,117.4026890999999,46.48432542708167,152.90811258814057,240.72586725,3.05042890495,-106.423787161,0.304001695138
final-20260805T122631Z-11a3fbb-n0500-c10-r10,10,OP2,500,10,n0500-c10-r10-attempt01,n0500-c10-r10-attempt01,n0500-c10-r10-attempt01-fabric-measured-OP2,n0500-c10-r10-attempt01-traditional-measured-OP2,500,500,500,500,0,0,1.0,1.0,388.34045029999976,75.39512749999993,50.92884380301989,339.2519117825667,312.9453228,5.15073670112,-288.32306798,0.150121022268
final-20260805T122631Z-11a3fbb-n0500-c10-r10,10,OP3,500,10,n0500-c10-r10-attempt01,n0500-c10-r10-attempt01,n0500-c10-r10-attempt01-fabric-measured-OP3,n0500-c10-r10-attempt01-traditional-measured-OP3,500,500,500,500,0,0,1.0,1.0,255.93633634999975,156.05277715,57.30532475270281,139.31223011982016,99.8835592,1.64006268279,-82.0069053671,0.411344536681
final-20260805T122631Z-11a3fbb-n0500-c10-r10,10,OP4,500,10,n0500-c10-r10-attempt01,n0500-c10-r10-attempt01,n0500-c10-r10-attempt01-fabric-measured-OP4,n0500-c10-r10-attempt01-traditional-measured-OP4,500,500,500,500,0,0,1.0,1.0,358.94276199999985,72.68287459999999,51.81940749895292,173.01311770233264,286.2598874,4.93847779103,-121.193710203,0.299511436977
final-20260805T122631Z-11a3fbb-n0500-c10-r10,10,OP5,500,10,n0500-c10-r10-attempt01,n0500-c10-r10-attempt01,n0500-c10-r10-attempt01-fabric-measured-OP5,n0500-c10-r10-attempt01-traditional-measured-OP5,500,500,500,500,0,0,1.0,1.0,161.38263489999989,101.23793344999996,109.99531806688572,295.1446506146247,60.14470145,1.59409254417,-185.149332548,0.372682743319
final-20260805T122631Z-11a3fbb-n0500-c10-r10,10,OP6,500,10,n0500-c10-r10-attempt01,n0500-c10-r10-attempt01,n0500-c10-r10-attempt01-fabric-measured-OP6,n0500-c10-r10-attempt01-traditional-measured-OP6,500,500,500,500,0,0,1.0,1.0,205.83662795,140.50223165,112.56530577523324,232.80964379307335,65.3343963,1.46500611081,-120.244338018,0.483507916344
final-20260805T122631Z-11a3fbb-n1000-c01-r01,1,OP1,1000,1,n1000-c01-r01-attempt01,n1000-c01-r01-attempt01,n1000-c01-r01-attempt01-fabric-measured-OP1,n1000-c01-r01-attempt01-traditional-measured-OP1,1000,1000,1000,1000,0,0,1.0,1.0,2588.0396937499995,19.15058519999999,0.4622356994393105,75.3506903468208,2568.88910855,135.141546158,-74.8884546474,0.00613445871978
final-20260805T122631Z-11a3fbb-n1000-c01-r01,1,OP2,1000,1,n1000-c01-r01-attempt01,n1000-c01-r01-attempt01,n1000-c01-r01-attempt01-fabric-measured-OP2,n1000-c01-r01-attempt01-traditional-measured-OP2,1000,1000,1000,1000,0,0,1.0,1.0,37.55956995,10.469358499999991,43.7771030346054,134.73640539365482,27.09021145,3.5875712872,-90.959302359,0.324909239687
final-20260805T122631Z-11a3fbb-n1000-c01-r01,1,OP3,1000,1,n1000-c01-r01-attempt01,n1000-c01-r01-attempt01,n1000-c01-r01-attempt01-fabric-measured-OP3,n1000-c01-r01-attempt01-traditional-measured-OP3,1000,1000,1000,1000,0,0,1.0,1.0,2233.7926595,19.493300549999987,0.4766935242755617,75.37264964577211,2214.29935895,114.59283941,-74.8959561215,0.00632448940718
final-20260805T122631Z-11a3fbb-n1000-c01-r01,1,OP4,1000,1,n1000-c01-r01-attempt01,n1000-c01-r01-attempt01,n1000-c01-r01-attempt01-fabric-measured-OP4,n1000-c01-r01-attempt01-traditional-measured-OP4,1000,1000,1000,1000,0,0,1.0,1.0,2211.8483131,19.271706499999997,0.4785235821840941,77.18000814905425,2192.5766066,114.771793204,-76.7014845669,0.00620009758563
final-20260805T122631Z-11a3fbb-n1000-c01-r01,1,OP5,1000,1,n1000-c01-r01-attempt01,n1000-c01-r01-attempt01,n1000-c01-r01-attempt01-fabric-measured-OP5,n1000-c01-r01-attempt01-traditional-measured-OP5,1000,1000,1000,1000,0,0,1.0,1.0,20.116125749999988,9.005691849999998,70.75803245888515,152.46384408633332,11.1104339,2.23371242155,-81.7058116274,0.464097129932
final-20260805T122631Z-11a3fbb-n1000-c01-r01,1,OP6,1000,1,n1000-c01-r01-attempt01,n1000-c01-r01-attempt01,n1000-c01-r01-attempt01-fabric-measured-OP6,n1000-c01-r01-attempt01-traditional-measured-OP6,1000,1000,1000,1000,0,0,1.0,1.0,30.4493347,10.588930799999998,64.4958893109278,129.257619624966,19.8604039,2.87558161207,-64.761730314,0.498971662159
final-20260805T122631Z-11a3fbb-n1000-c01-r02,2,OP1,1000,1,n1000-c01-r02-attempt01,n1000-c01-r02-attempt01,n1000-c01-r02-attempt01-fabric-measured-OP1,n1000-c01-r02-attempt01-traditional-measured-OP1,1000,1000,1000,1000,0,0,1.0,1.0,2201.18418375,73.14947389999996,0.4773825858282877,35.72634581345997,2128.03470985,30.0915928221,-35.2489632276,0.0133622002183
final-20260805T122631Z-11a3fbb-n1000-c01-r02,2,OP2,1000,1,n1000-c01-r02-attempt01,n1000-c01-r02-attempt01,n1000-c01-r02-attempt01-fabric-measured-OP2,n1000-c01-r02-attempt01-traditional-measured-OP2,1000,1000,1000,1000,0,0,1.0,1.0,34.835074,10.8736889,44.197112787109205,143.08279947605092,23.9613851,3.20361142574,-98.8856866889,0.308891865053
final-20260805T122631Z-11a3fbb-n1000-c01-r02,2,OP3,1000,1,n1000-c01-r02-attempt01,n1000-c01-r02-attempt01,n1000-c01-r02-attempt01-fabric-measured-OP3,n1000-c01-r02-attempt01-traditional-measured-OP3,1000,1000,1000,1000,0,0,1.0,1.0,2343.9303692,89.22385535,0.4694524800231801,31.095686312756257,2254.70651385,26.2702206714,-30.6262338327,0.0150970290638
final-20260805T122631Z-11a3fbb-n1000-c01-r02,2,OP4,1000,1,n1000-c01-r02-attempt01,n1000-c01-r02-attempt01,n1000-c01-r02-attempt01-fabric-measured-OP4,n1000-c01-r02-attempt01-traditional-measured-OP4,1000,1000,1000,1000,0,0,1.0,1.0,2226.05037745,70.35826014999999,0.478055594633303,37.76498655359904,2155.6921173,31.6387922712,-37.286930959,0.0126586989235
final-20260805T122631Z-11a3fbb-n1000-c01-r02,2,OP5,1000,1,n1000-c01-r02-attempt01,n1000-c01-r02-attempt01,n1000-c01-r02-attempt01-fabric-measured-OP5,n1000-c01-r02-attempt01-traditional-measured-OP5,1000,1000,1000,1000,0,0,1.0,1.0,27.441890199999964,8.791035299999999,63.3741499148936,151.0299372467424,18.6508549,3.12157661339,-87.6557873318,0.419613164583
final-20260805T122631Z-11a3fbb-n1000-c01-r02,2,OP6,1000,1,n1000-c01-r02-attempt01,n1000-c01-r02-attempt01,n1000-c01-r02-attempt01-fabric-measured-OP6,n1000-c01-r02-attempt01-traditional-measured-OP6,1000,1000,1000,1000,0,0,1.0,1.0,21.232199349999966,10.0344325,73.85651558714055,131.6814199088258,11.19776685,2.11593424441,-57.8249043217,0.560872715667
final-20260805T122631Z-11a3fbb-n1000-c01-r03,3,OP1,1000,1,n1000-c01-r03-attempt01,n1000-c01-r03-attempt01,n1000-c01-r03-attempt01-fabric-measured-OP1,n1000-c01-r03-attempt01-traditional-measured-OP1,1000,1000,1000,1000,0,0,1.0,1.0,2236.63291685,17.578284550000003,0.4773180417128677,73.80465872872527,2219.0546323,127.238406597,-73.327340687,0.00646731588405
final-20260805T122631Z-11a3fbb-n1000-c01-r03,3,OP2,1000,1,n1000-c01-r03-attempt01,n1000-c01-r03-attempt01,n1000-c01-r03-attempt01-fabric-measured-OP2,n1000-c01-r03-attempt01-traditional-measured-OP2,1000,1000,1000,1000,0,0,1.0,1.0,37.45303754999999,13.75007265,44.53748896959774,126.5776368790683,23.7029649,2.72384288457,-82.0401479095,0.351859065059
final-20260805T122631Z-11a3fbb-n1000-c01-r03,3,OP3,1000,1,n1000-c01-r03-attempt01,n1000-c01-r03-attempt01,n1000-c01-r03-attempt01-fabric-measured-OP3,n1000-c01-r03-attempt01-traditional-measured-OP3,1000,1000,1000,1000,0,0,1.0,1.0,2326.8983981999995,23.07646505,0.4718487275624285,67.93526665208572,2303.82193315,100.834265264,-67.4634179245,0.00694556378175
final-20260805T122631Z-11a3fbb-n1000-c01-r03,3,OP4,1000,1,n1000-c01-r03-attempt01,n1000-c01-r03-attempt01,n1000-c01-r03-attempt01-fabric-measured-OP4,n1000-c01-r03-attempt01-traditional-measured-OP4,1000,1000,1000,1000,0,0,1.0,1.0,2208.7421795,18.9581092,0.4790532186310071,74.0242084501599,2189.7840703,116.506459384,-73.5451552315,0.00647157502472
final-20260805T122631Z-11a3fbb-n1000-c01-r03,3,OP5,1000,1,n1000-c01-r03-attempt01,n1000-c01-r03-attempt01,n1000-c01-r03-attempt01-fabric-measured-OP5,n1000-c01-r03-attempt01-traditional-measured-OP5,1000,1000,1000,1000,0,0,1.0,1.0,26.86486924999999,11.493879899999962,65.29665811575128,136.28167229163137,15.37098935,2.33731946773,-70.9850141759,0.479130150208
final-20260805T122631Z-11a3fbb-n1000-c01-r03,3,OP6,1000,1,n1000-c01-r03-attempt01,n1000-c01-r03-attempt01,n1000-c01-r03-attempt01-fabric-measured-OP6,n1000-c01-r03-attempt01-traditional-measured-OP6,1000,1000,1000,1000,0,0,1.0,1.0,27.29482785,12.77039664999999,65.57825258690875,118.50522589091268,14.5244312,2.13735161077,-52.926973304,0.553378571231
final-20260805T122631Z-11a3fbb-n1000-c01-r04,4,OP1,1000,1,n1000-c01-r04-attempt01,n1000-c01-r04-attempt01,n1000-c01-r04-attempt01-fabric-measured-OP1,n1000-c01-r04-attempt01-traditional-measured-OP1,1000,1000,1000,1000,0,0,1.0,1.0,2210.0619295,23.46001505,0.4785966221763922,71.67161654060155,2186.60191445,94.2054779074,-71.1930199184,0.00667763119177
final-20260805T122631Z-11a3fbb-n1000-c01-r04,4,OP2,1000,1,n1000-c01-r04-attempt01,n1000-c01-r04-attempt01,n1000-c01-r04-attempt01-fabric-measured-OP2,n1000-c01-r04-attempt01-traditional-measured-OP2,1000,1000,1000,1000,0,0,1.0,1.0,39.449290499999975,10.803185599999994,42.77248513791249,139.9912483995093,28.6461049,3.65163498626,-97.2187632616,0.305536850531
final-20260805T122631Z-11a3fbb-n1000-c01-r04,4,OP3,1000,1,n1000-c01-r04-attempt01,n1000-c01-r04-attempt01,n1000-c01-r04-attempt01-fabric-measured-OP3,n1000-c01-r04-attempt01-traditional-measured-OP3,1000,1000,1000,1000,0,0,1.0,1.0,2174.09321065,20.020038,0.4791514784099044,71.05093694211548,2154.07317265,108.595858342,-70.5717854637,0.00674377424186
final-20260805T122631Z-11a3fbb-n1000-c01-r04,4,OP4,1000,1,n1000-c01-r04-attempt01,n1000-c01-r04-attempt01,n1000-c01-r04-attempt01-fabric-measured-OP4,n1000-c01-r04-attempt01-traditional-measured-OP4,1000,1000,1000,1000,0,0,1.0,1.0,2286.45725065,16.642050700000002,0.4749520477153175,79.58140060408569,2269.81519995,137.390354823,-79.1064485564,0.00596812878524
final-20260805T122631Z-11a3fbb-n1000-c01-r04,4,OP5,1000,1,n1000-c01-r04-attempt01,n1000-c01-r04-attempt01,n1000-c01-r04-attempt01-fabric-measured-OP5,n1000-c01-r04-attempt01-traditional-measured-OP5,1000,1000,1000,1000,0,0,1.0,1.0,26.94320509999999,11.8131001,64.66436321548207,138.8539993530359,15.130105,2.28079038287,-74.1896361376,0.465700401262
final-20260805T122631Z-11a3fbb-n1000-c01-r04,4,OP6,1000,1,n1000-c01-r04-attempt01,n1000-c01-r04-attempt01,n1000-c01-r04-attempt01-fabric-measured-OP6,n1000-c01-r04-attempt01-traditional-measured-OP6,1000,1000,1000,1000,0,0,1.0,1.0,26.241565799999965,12.15841005,67.48995821062417,119.94320585092257,14.08315575,2.15830570709,-52.4532476403,0.56268262743
final-20260805T122631Z-11a3fbb-n1000-c01-r05,5,OP1,1000,1,n1000-c01-r05-attempt01,n1000-c01-r05-attempt01,n1000-c01-r05-attempt01-fabric-measured-OP1,n1000-c01-r05-attempt01-traditional-measured-OP1,1000,1000,1000,1000,0,0,1.0,1.0,2257.5864771,21.380943649999995,0.4743120959484094,72.53583627478432,2236.20553345,105.58872022,-72.0615241788,0.00653900361956
final-20260805T122631Z-11a3fbb-n1000-c01-r05,5,OP2,1000,1,n1000-c01-r05-attempt01,n1000-c01-r05-attempt01,n1000-c01-r05-attempt01-fabric-measured-OP2,n1000-c01-r05-attempt01-traditional-measured-OP2,1000,1000,1000,1000,0,0,1.0,1.0,52.61057849999999,10.404373599999996,32.226028429989704,133.87379286633526,42.2062049,5.05658298353,-101.647764436,0.240719469733
final-20260805T122631Z-11a3fbb-n1000-c01-r05,5,OP3,1000,1,n1000-c01-r05-attempt01,n1000-c01-r05-attempt01,n1000-c01-r05-attempt01-fabric-measured-OP3,n1000-c01-r05-attempt01-traditional-measured-OP3,1000,1000,1000,1000,0,0,1.0,1.0,2706.311040599999,24.06041494999999,0.4532486861188176,69.91116728999134,2682.25062565,112.479815756,-69.4579186039,0.00648320867307
final-20260805T122631Z-11a3fbb-n1000-c01-r05,5,OP4,1000,1,n1000-c01-r05-attempt01,n1000-c01-r05-attempt01,n1000-c01-r05-attempt01-fabric-measured-OP4,n1000-c01-r05-attempt01-traditional-measured-OP4,1000,1000,1000,1000,0,0,1.0,1.0,2304.78116095,16.44283825,0.4716480858203434,79.73210544542943,2288.3383227,140.169302033,-79.2604573596,0.005915409899
final-20260805T122631Z-11a3fbb-n1000-c01-r05,5,OP5,1000,1,n1000-c01-r05-attempt01,n1000-c01-r05-attempt01,n1000-c01-r05-attempt01-fabric-measured-OP5,n1000-c01-r05-attempt01-traditional-measured-OP5,1000,1000,1000,1000,0,0,1.0,1.0,29.003611749999997,14.036323749999996,47.81436231275206,139.077701200999,14.967288,2.06632536172,-91.2633388882,0.343796035596
final-20260805T122631Z-11a3fbb-n1000-c01-r05,5,OP6,1000,1,n1000-c01-r05-attempt01,n1000-c01-r05-attempt01,n1000-c01-r05-attempt01-fabric-measured-OP6,n1000-c01-r05-attempt01-traditional-measured-OP6,1000,1000,1000,1000,0,0,1.0,1.0,27.98137239999999,11.910632499999997,51.35255809940957,120.24585389367788,16.0707399,2.34927678274,-68.8932957943,0.427063024932
final-20260805T122631Z-11a3fbb-n1000-c01-r06,6,OP1,1000,1,n1000-c01-r06-attempt01,n1000-c01-r06-attempt01,n1000-c01-r06-attempt01-fabric-measured-OP1,n1000-c01-r06-attempt01-traditional-measured-OP1,1000,1000,1000,1000,0,0,1.0,1.0,2223.2676548,21.20724015,0.4769551604441256,70.56276201416831,2202.06041465,104.835312802,-70.0858068537,0.00675930401291
final-20260805T122631Z-11a3fbb-n1000-c01-r06,6,OP2,1000,1,n1000-c01-r06-attempt01,n1000-c01-r06-attempt01,n1000-c01-r06-attempt01-fabric-measured-OP2,n1000-c01-r06-attempt01-traditional-measured-OP2,1000,1000,1000,1000,0,0,1.0,1.0,39.36384339999992,11.13662519999999,43.35894767228361,140.7838177232312,28.2272182,3.5346294495,-97.4248700509,0.307982468252
final-20260805T122631Z-11a3fbb-n1000-c01-r06,6,OP3,1000,1,n1000-c01-r06-attempt01,n1000-c01-r06-attempt01,n1000-c01-r06-attempt01-fabric-measured-OP3,n1000-c01-r06-attempt01-traditional-measured-OP3,1000,1000,1000,1000,0,0,1.0,1.0,2216.739082,20.115895799999983,0.4766440010465835,74.48139085346853,2196.6231862,110.198377643,-74.0047468524,0.00639950456866
final-20260805T122631Z-11a3fbb-n1000-c01-r06,6,OP4,1000,1,n1000-c01-r06-attempt01,n1000-c01-r06-attempt01,n1000-c01-r06-attempt01-fabric-measured-OP4,n1000-c01-r06-attempt01-traditional-measured-OP4,1000,1000,1000,1000,0,0,1.0,1.0,2263.74729525,16.5560267,0.4729434249918077,79.94992838321267,2247.19126855,136.73252262,-79.4769849582,0.00591549529257
final-20260805T122631Z-11a3fbb-n1000-c01-r06,6,OP5,1000,1,n1000-c01-r06-attempt01,n1000-c01-r06-attempt01,n1000-c01-r06-attempt01-fabric-measured-OP5,n1000-c01-r06-attempt01-traditional-measured-OP5,1000,1000,1000,1000,0,0,1.0,1.0,20.68407995,12.032782199999994,71.0751120987908,135.65042529130153,8.65129775,1.71897734092,-64.5753131925,0.523957900951
final-20260805T122631Z-11a3fbb-n1000-c01-r06,6,OP6,1000,1,n1000-c01-r06-attempt01,n1000-c01-r06-attempt01,n1000-c01-r06-attempt01-fabric-measured-OP6,n1000-c01-r06-attempt01-traditional-measured-OP6,1000,1000,1000,1000,0,0,1.0,1.0,23.53741569999999,14.421871849999995,69.85835335428682,118.96205922619316,9.11554385,1.6320638503,-49.1037058719,0.587232213436
final-20260805T122631Z-11a3fbb-n1000-c01-r07,7,OP1,1000,1,n1000-c01-r07-attempt01,n1000-c01-r07-attempt01,n1000-c01-r07-attempt01-fabric-measured-OP1,n1000-c01-r07-attempt01-traditional-measured-OP1,1000,1000,1000,1000,0,0,1.0,1.0,2236.1586608,17.01447349999999,0.4759458506787484,78.46410028218205,2219.1441873,131.426850252,-77.9881544315,0.00606577847662
final-20260805T122631Z-11a3fbb-n1000-c01-r07,7,OP2,1000,1,n1000-c01-r07-attempt01,n1000-c01-r07-attempt01,n1000-c01-r07-attempt01-fabric-measured-OP2,n1000-c01-r07-attempt01-traditional-measured-OP2,1000,1000,1000,1000,0,0,1.0,1.0,36.59277,12.148099299999991,42.13978814970416,132.3225544207518,24.4446707,3.01222183786,-90.182766271,0.318462625923
final-20260805T122631Z-11a3fbb-n1000-c01-r07,7,OP3,1000,1,n1000-c01-r07-attempt01,n1000-c01-r07-attempt01,n1000-c01-r07-attempt01-fabric-measured-OP3,n1000-c01-r07-attempt01-traditional-measured-OP3,1000,1000,1000,1000,0,0,1.0,1.0,2260.92705965,24.42412629999998,0.4719687976892114,70.03498210798033,2236.50293335,92.5694140244,-69.5630133103,0.00673904359626
final-20260805T122631Z-11a3fbb-n1000-c01-r07,7,OP4,1000,1,n1000-c01-r07-attempt01,n1000-c01-r07-attempt01,n1000-c01-r07-attempt01-fabric-measured-OP4,n1000-c01-r07-attempt01-traditional-measured-OP4,1000,1000,1000,1000,0,0,1.0,1.0,2311.046261,16.754231649999994,0.4736260057444535,78.6252949137317,2294.29202935,137.938063009,-78.151668908,0.0060238375737
final-20260805T122631Z-11a3fbb-n1000-c01-r07,7,OP5,1000,1,n1000-c01-r07-attempt01,n1000-c01-r07-attempt01,n1000-c01-r07-attempt01-fabric-measured-OP5,n1000-c01-r07-attempt01-traditional-measured-OP5,1000,1000,1000,1000,0,0,1.0,1.0,23.28983204999999,12.412709249999995,66.48858268935591,138.32344441485188,10.8771228,1.87628917917,-71.8348617255,0.480674718379
final-20260805T122631Z-11a3fbb-n1000-c01-r07,7,OP6,1000,1,n1000-c01-r07-attempt01,n1000-c01-r07-attempt01,n1000-c01-r07-attempt01-fabric-measured-OP6,n1000-c01-r07-attempt01-traditional-measured-OP6,1000,1000,1000,1000,0,0,1.0,1.0,22.36296395,11.582854399999997,68.86872983141025,121.7093919450213,10.78010955,1.93069542081,-52.8406621136,0.565845648646
final-20260805T122631Z-11a3fbb-n1000-c01-r08,8,OP1,1000,1,n1000-c01-r08-attempt04,n1000-c01-r08-attempt04,n1000-c01-r08-attempt04-fabric-measured-OP1,n1000-c01-r08-attempt04-traditional-measured-OP1,1000,1000,1000,1000,0,0,1.0,1.0,2204.22626685,28.528433899999985,0.4739696632169158,66.84285462784699,2175.69783295,77.2641875322,-66.3688849646,0.0070908052305
final-20260805T122631Z-11a3fbb-n1000-c01-r08,8,OP2,1000,1,n1000-c01-r08-attempt04,n1000-c01-r08-attempt04,n1000-c01-r08-attempt04-fabric-measured-OP2,n1000-c01-r08-attempt04-traditional-measured-OP2,1000,1000,1000,1000,0,0,1.0,1.0,47.20482239999992,8.864963649999998,40.99166516595156,156.24934035923013,38.33985875,5.3248748967,-115.257675193,0.262347764616
final-20260805T122631Z-11a3fbb-n1000-c01-r08,8,OP3,1000,1,n1000-c01-r08-attempt04,n1000-c01-r08-attempt04,n1000-c01-r08-attempt04-fabric-measured-OP3,n1000-c01-r08-attempt04-traditional-measured-OP3,1000,1000,1000,1000,0,0,1.0,1.0,2185.25939545,21.22013804999999,0.4793180235618764,71.84932149145341,2164.0392574,102.980451414,-71.3700034679,0.00667115588028
final-20260805T122631Z-11a3fbb-n1000-c01-r08,8,OP4,1000,1,n1000-c01-r08-attempt04,n1000-c01-r08-attempt04,n1000-c01-r08-attempt04-fabric-measured-OP4,n1000-c01-r08-attempt04-traditional-measured-OP4,1000,1000,1000,1000,0,0,1.0,1.0,2316.43434545,24.31248114999999,0.4728854510093263,70.62442258853682,2292.1218643,95.2775790821,-70.1515371375,0.00669577794306
final-20260805T122631Z-11a3fbb-n1000-c01-r08,8,OP5,1000,1,n1000-c01-r08-attempt04,n1000-c01-r08-attempt04,n1000-c01-r08-attempt04-fabric-measured-OP5,n1000-c01-r08-attempt04-traditional-measured-OP5,1000,1000,1000,1000,0,0,1.0,1.0,30.7387885,11.367158799999991,47.69391626832356,143.61884810987155,19.3716297,2.70417516293,-95.9249318415,0.332086748334
final-20260805T122631Z-11a3fbb-n1000-c01-r08,8,OP6,1000,1,n1000-c01-r08-attempt04,n1000-c01-r08-attempt04,n1000-c01-r08-attempt04-fabric-measured-OP6,n1000-c01-r08-attempt04-traditional-measured-OP6,1000,1000,1000,1000,0,0,1.0,1.0,27.047106499999995,12.246777599999996,52.10069682402075,126.86297504996728,14.8003289,2.20850801602,-74.7622782259,0.410684810154
final-20260805T122631Z-11a3fbb-n1000-c01-r09,9,OP1,1000,1,n1000-c01-r09-attempt01,n1000-c01-r09-attempt01,n1000-c01-r09-attempt01-fabric-measured-OP1,n1000-c01-r09-attempt01-traditional-measured-OP1,1000,1000,1000,1000,0,0,1.0,1.0,2198.16766755,26.89439539999999,0.4779487225321717,65.79201587904726,2171.27327215,81.7332992565,-65.3140671565,0.00726453987078
final-20260805T122631Z-11a3fbb-n1000-c01-r09,9,OP2,1000,1,n1000-c01-r09-attempt01,n1000-c01-r09-attempt01,n1000-c01-r09-attempt01-fabric-measured-OP2,n1000-c01-r09-attempt01-traditional-measured-OP2,1000,1000,1000,1000,0,0,1.0,1.0,53.68107559999992,11.369133649999998,38.9362367077065,140.59184073556753,42.31194195,4.72165050149,-101.655604028,0.27694520894
final-20260805T122631Z-11a3fbb-n1000-c01-r09,9,OP3,1000,1,n1000-c01-r09-attempt01,n1000-c01-r09-attempt01,n1000-c01-r09-attempt01-fabric-measured-OP3,n1000-c01-r09-attempt01-traditional-measured-OP3,1000,1000,1000,1000,0,0,1.0,1.0,2263.7339294,24.93836894999998,0.4737945483073866,71.55858161531376,2238.79556045,90.7731349207,-71.084787067,0.00662107238031
final-20260805T122631Z-11a3fbb-n1000-c01-r09,9,OP4,1000,1,n1000-c01-r09-attempt01,n1000-c01-r09-attempt01,n1000-c01-r09-attempt01-fabric-measured-OP4,n1000-c01-r09-attempt01-traditional-measured-OP4,1000,1000,1000,1000,0,0,1.0,1.0,2203.34368165,25.57069075,0.4791839964887334,73.22492789108591,2177.7729909,86.1667642533,-72.7457438946,0.00654400093369
final-20260805T122631Z-11a3fbb-n1000-c01-r09,9,OP5,1000,1,n1000-c01-r09-attempt01,n1000-c01-r09-attempt01,n1000-c01-r09-attempt01-fabric-measured-OP5,n1000-c01-r09-attempt01-traditional-measured-OP5,1000,1000,1000,1000,0,0,1.0,1.0,31.788327199999983,9.973681549999998,64.2874809796222,154.53651233512434,21.81464565,3.18722099163,-90.2490313555,0.416001888539
final-20260805T122631Z-11a3fbb-n1000-c01-r09,9,OP6,1000,1,n1000-c01-r09-attempt01,n1000-c01-r09-attempt01,n1000-c01-r09-attempt01-fabric-measured-OP6,n1000-c01-r09-attempt01-traditional-measured-OP6,1000,1000,1000,1000,0,0,1.0,1.0,36.44919344999999,10.7326179,56.01610874553549,136.22132404549936,25.71657555,3.39611395743,-80.2052153,0.411213950077
final-20260805T122631Z-11a3fbb-n1000-c01-r10,10,OP1,1000,1,n1000-c01-r10-attempt01,n1000-c01-r10-attempt01,n1000-c01-r10-attempt01-fabric-measured-OP1,n1000-c01-r10-attempt01-traditional-measured-OP1,1000,1000,1000,1000,0,0,1.0,1.0,2247.9435673,26.999680199999965,0.4717185483879363,70.07534394396257,2220.9438871,83.2581553059,-69.6036253956,0.00673159091114
final-20260805T122631Z-11a3fbb-n1000-c01-r10,10,OP2,1000,1,n1000-c01-r10-attempt01,n1000-c01-r10-attempt01,n1000-c01-r10-attempt01-fabric-measured-OP2,n1000-c01-r10-attempt01-traditional-measured-OP2,1000,1000,1000,1000,0,0,1.0,1.0,53.23644275,12.21368505,35.76172352687292,136.49325842113956,41.0227577,4.35875352378,-100.731534894,0.262003588606
final-20260805T122631Z-11a3fbb-n1000-c01-r10,10,OP3,1000,1,n1000-c01-r10-attempt01,n1000-c01-r10-attempt01,n1000-c01-r10-attempt01-fabric-measured-OP3,n1000-c01-r10-attempt01-traditional-measured-OP3,1000,1000,1000,1000,0,0,1.0,1.0,2185.32046795,58.24329069999999,0.478760317794414,28.228709195095952,2127.07717725,37.5205528686,-27.7499488773,0.0169600499437
final-20260805T122631Z-11a3fbb-n1000-c01-r10,10,OP4,1000,1,n1000-c01-r10-attempt01,n1000-c01-r10-attempt01,n1000-c01-r10-attempt01-fabric-measured-OP4,n1000-c01-r10-attempt01-traditional-measured-OP4,1000,1000,1000,1000,0,0,1.0,1.0,2186.0855235,44.57853219999999,0.4797699979372058,44.102461841846576,2141.5069913,49.0389749418,-43.6226918439,0.0108785309913
final-20260805T122631Z-11a3fbb-n1000-c01-r10,10,OP5,1000,1,n1000-c01-r10-attempt01,n1000-c01-r10-attempt01,n1000-c01-r10-attempt01-fabric-measured-OP5,n1000-c01-r10-attempt01-traditional-measured-OP5,1000,1000,1000,1000,0,0,1.0,1.0,30.571390749999967,11.825171399999997,61.12561878568743,140.46695516151053,18.74621935,2.58528098375,-79.3413363758,0.435160132256
final-20260805T122631Z-11a3fbb-n1000-c01-r10,10,OP6,1000,1,n1000-c01-r10-attempt01,n1000-c01-r10-attempt01,n1000-c01-r10-attempt01-fabric-measured-OP6,n1000-c01-r10-attempt01-traditional-measured-OP6,1000,1000,1000,1000,0,0,1.0,1.0,27.448539399999987,13.134685649999982,66.51511913804049,117.80285545592696,14.31385375,2.08977512911,-51.2877363179,0.564630788283
final-20260805T122631Z-11a3fbb-n1000-c05-r01,1,OP1,1000,5,n1000-c05-r01-attempt01,n1000-c05-r01-attempt01,n1000-c05-r01-attempt01-fabric-measured-OP1,n1000-c05-r01-attempt01-traditional-measured-OP1,1000,1000,1000,1000,0,0,1.0,1.0,2269.99276675,33.02275599999999,2.361220089905535,180.84513071660743,2236.97001075,68.740257983,-178.483910627,0.0130565864867
final-20260805T122631Z-11a3fbb-n1000-c05-r01,1,OP2,1000,5,n1000-c05-r01-attempt01,n1000-c05-r01-attempt01,n1000-c05-r01-attempt01-fabric-measured-OP2,n1000-c05-r01-attempt01-traditional-measured-OP2,1000,1000,1000,1000,0,0,1.0,1.0,128.25224974999998,27.5083994,76.98666743661546,317.10536692687083,100.74385035,4.66229415551,-240.11869949,0.242779452719
final-20260805T122631Z-11a3fbb-n1000-c05-r01,1,OP3,1000,5,n1000-c05-r01-attempt01,n1000-c05-r01-attempt01,n1000-c05-r01-attempt01-fabric-measured-OP3,n1000-c05-r01-attempt01-traditional-measured-OP3,1000,1000,1000,1000,0,0,1.0,1.0,2285.5884651,74.73771549999998,2.356571273499112,148.1871131702018,2210.8507496,30.5814601076,-145.830541897,0.015902673472
final-20260805T122631Z-11a3fbb-n1000-c05-r01,1,OP4,1000,5,n1000-c05-r01-attempt01,n1000-c05-r01-attempt01,n1000-c05-r01-attempt01-fabric-measured-OP4,n1000-c05-r01-attempt01-traditional-measured-OP4,1000,1000,1000,1000,0,0,1.0,1.0,2262.63353695,53.88817744999999,2.3672428391035383,168.72550012833656,2208.7453595,41.9875684059,-166.358257289,0.0140301426714
final-20260805T122631Z-11a3fbb-n1000-c05-r01,1,OP5,1000,5,n1000-c05-r01-attempt01,n1000-c05-r01-attempt01,n1000-c05-r01-attempt01-fabric-measured-OP5,n1000-c05-r01-attempt01-traditional-measured-OP5,1000,1000,1000,1000,0,0,1.0,1.0,86.28675699999998,59.10515,120.13944868857824,231.7253008583604,27.181607,1.45988559373,-111.58585217,0.518456328435
final-20260805T122631Z-11a3fbb-n1000-c05-r01,1,OP6,1000,5,n1000-c05-r01-attempt01,n1000-c05-r01-attempt01,n1000-c05-r01-attempt01-fabric-measured-OP6,n1000-c05-r01-attempt01-traditional-measured-OP6,1000,1000,1000,1000,0,0,1.0,1.0,86.76318805,19.4488639,122.49621503232538,355.55484520438216,67.31432415,4.46109286877,-233.058630172,0.344521293085
final-20260805T122631Z-11a3fbb-n1000-c05-r02,2,OP1,1000,5,n1000-c05-r02-attempt01,n1000-c05-r02-attempt01,n1000-c05-r02-attempt01-fabric-measured-OP1,n1000-c05-r02-attempt01-traditional-measured-OP1,1000,1000,1000,1000,0,0,1.0,1.0,3053.2456766,73.9290745,2.220903472260356,142.45379957603413,2979.3166021,41.299660482,-140.232896104,0.015590342124
final-20260805T122631Z-11a3fbb-n1000-c05-r02,2,OP2,1000,5,n1000-c05-r02-attempt01,n1000-c05-r02-attempt01,n1000-c05-r02-attempt01-fabric-measured-OP2,n1000-c05-r02-attempt01-traditional-measured-OP2,1000,1000,1000,1000,0,0,1.0,1.0,158.78875845,18.3526043,71.2193512205585,379.1479537325221,140.43615415,8.65211039558,-307.928602512,0.187840526421
final-20260805T122631Z-11a3fbb-n1000-c05-r02,2,OP3,1000,5,n1000-c05-r02-attempt01,n1000-c05-r02-attempt01,n1000-c05-r02-attempt01-fabric-measured-OP3,n1000-c05-r02-attempt01-traditional-measured-OP3,1000,1000,1000,1000,0,0,1.0,1.0,2262.7362384000003,72.87291984999999,2.3633717885300003,149.6273759132765,2189.86331855,31.050440178,-147.264004125,0.0157950493625
final-20260805T122631Z-11a3fbb-n1000-c05-r02,2,OP4,1000,5,n1000-c05-r02-attempt01,n1000-c05-r02-attempt01,n1000-c05-r02-attempt01-fabric-measured-OP4,n1000-c05-r02-attempt01-traditional-measured-OP4,1000,1000,1000,1000,0,0,1.0,1.0,2258.65296775,67.61010499999999,2.372853041885804,149.35669860923431,2191.04286275,33.4070323918,-146.983845567,0.0158871551392
final-20260805T122631Z-11a3fbb-n1000-c05-r02,2,OP5,1000,5,n1000-c05-r02-attempt01,n1000-c05-r02-attempt01,n1000-c05-r02-attempt01-fabric-measured-OP5,n1000-c05-r02-attempt01-traditional-measured-OP5,1000,1000,1000,1000,0,0,1.0,1.0,53.6175274,17.374512049999996,135.34326049594725,407.7030939857199,36.24301535,3.08598752274,-272.35983349,0.331965252392
final-20260805T122631Z-11a3fbb-n1000-c05-r02,2,OP6,1000,5,n1000-c05-r02-attempt01,n1000-c05-r02-attempt01,n1000-c05-r02-attempt01-fabric-measured-OP6,n1000-c05-r02-attempt01-traditional-measured-OP6,1000,1000,1000,1000,0,0,1.0,1.0,60.13061409999999,57.79436519999992,140.46107978225206,219.6909002199104,2.3362489,1.04042347194,-79.2298204377,0.639357750556
final-20260805T122631Z-11a3fbb-n1000-c05-r03,3,OP1,1000,5,n1000-c05-r03-attempt01,n1000-c05-r03-attempt01,n1000-c05-r03-attempt01-fabric-measured-OP1,n1000-c05-r03-attempt01-traditional-measured-OP1,1000,1000,1000,1000,0,0,1.0,1.0,2235.8676222,37.98099934999999,2.36446706353676,183.66618104140693,2197.88662285,58.8680566721,-181.301713978,0.0128737204102
final-20260805T122631Z-11a3fbb-n1000-c05-r03,3,OP2,1000,5,n1000-c05-r03-attempt01,n1000-c05-r03-attempt01,n1000-c05-r03-attempt01-fabric-measured-OP2,n1000-c05-r03-attempt01-traditional-measured-OP2,1000,1000,1000,1000,0,0,1.0,1.0,117.28888709999995,56.21651514999999,79.87690187266799,232.0379067167013,61.07237195,2.0863777626,-152.161004844,0.344240744984
final-20260805T122631Z-11a3fbb-n1000-c05-r03,3,OP3,1000,5,n1000-c05-r03-attempt01,n1000-c05-r03-attempt01,n1000-c05-r03-attempt01-fabric-measured-OP3,n1000-c05-r03-attempt01-traditional-measured-OP3,1000,1000,1000,1000,0,0,1.0,1.0,2210.7218411000003,70.37995375,2.370638502883099,152.61253423323484,2140.34188735,31.4112431638,-150.24189573,0.0155337077311
final-20260805T122631Z-11a3fbb-n1000-c05-r03,3,OP4,1000,5,n1000-c05-r03-attempt01,n1000-c05-r03-attempt01,n1000-c05-r03-attempt01-fabric-measured-OP4,n1000-c05-r03-attempt01-traditional-measured-OP4,1000,1000,1000,1000,0,0,1.0,1.0,2246.675544,39.21920854999998,2.370612464333646,182.2030900199561,2207.45633545,57.2850811392,-179.832477556,0.0130108247016
final-20260805T122631Z-11a3fbb-n1000-c05-r03,3,OP5,1000,5,n1000-c05-r03-attempt01,n1000-c05-r03-attempt01,n1000-c05-r03-attempt01-fabric-measured-OP5,n1000-c05-r03-attempt01-traditional-measured-OP5,1000,1000,1000,1000,0,0,1.0,1.0,92.766661,33.72792339999995,107.99738377288188,315.1102843802064,59.0387376,2.7504409299,-207.112900607,0.342728844872
final-20260805T122631Z-11a3fbb-n1000-c05-r03,3,OP6,1000,5,n1000-c05-r03-attempt01,n1000-c05-r03-attempt01,n1000-c05-r03-attempt01-fabric-measured-OP6,n1000-c05-r03-attempt01-traditional-measured-OP6,1000,1000,1000,1000,0,0,1.0,1.0,85.05195654999993,18.59046615,124.01073062471087,358.62405646728,66.4614904,4.5750308714,-234.613325843,0.345795906293
final-20260805T122631Z-11a3fbb-n1000-c05-r04,4,OP1,1000,5,n1000-c05-r04-attempt01,n1000-c05-r04-attempt01,n1000-c05-r04-attempt01-fabric-measured-OP1,n1000-c05-r04-attempt01-traditional-measured-OP1,1000,1000,1000,1000,0,0,1.0,1.0,2273.15068975,30.26706335,2.353296277206469,195.4493778947056,2242.8836264,75.1031133567,-193.096081617,0.0120404388213
final-20260805T122631Z-11a3fbb-n1000-c05-r04,4,OP2,1000,5,n1000-c05-r04-attempt01,n1000-c05-r04-attempt01,n1000-c05-r04-attempt01-fabric-measured-OP2,n1000-c05-r04-attempt01-traditional-measured-OP2,1000,1000,1000,1000,0,0,1.0,1.0,105.11287355,36.72922709999996,80.17043199322505,299.8920031917026,68.38364645,2.86183189382,-219.721571198,0.26733100963
final-20260805T122631Z-11a3fbb-n1000-c05-r04,4,OP3,1000,5,n1000-c05-r04-attempt01,n1000-c05-r04-attempt01,n1000-c05-r04-attempt01-fabric-measured-OP3,n1000-c05-r04-attempt01-traditional-measured-OP3,1000,1000,1000,1000,0,0,1.0,1.0,2213.22830675,71.14702215,2.373844052826676,144.9976024356442,2142.0812846,31.1078136494,-142.623758383,0.0163716089987
final-20260805T122631Z-11a3fbb-n1000-c05-r04,4,OP4,1000,5,n1000-c05-r04-attempt01,n1000-c05-r04-attempt01,n1000-c05-r04-attempt01-fabric-measured-OP4,n1000-c05-r04-attempt01-traditional-measured-OP4,1000,1000,1000,1000,0,0,1.0,1.0,2239.5731257,30.34958905,2.3769413629522824,193.93071994719264,2209.22353665,73.7925354446,-191.553778584,0.0122566520848
final-20260805T122631Z-11a3fbb-n1000-c05-r04,4,OP5,1000,5,n1000-c05-r04-attempt01,n1000-c05-r04-attempt01,n1000-c05-r04-attempt01-fabric-measured-OP5,n1000-c05-r04-attempt01-traditional-measured-OP5,1000,1000,1000,1000,0,0,1.0,1.0,92.84856359999996,55.43379465,120.21864912996388,231.7788798057437,37.41476895,1.67494511581,-111.560230676,0.518678186859
final-20260805T122631Z-11a3fbb-n1000-c05-r04,4,OP6,1000,5,n1000-c05-r04-attempt01,n1000-c05-r04-attempt01,n1000-c05-r04-attempt01-fabric-measured-OP6,n1000-c05-r04-attempt01-traditional-measured-OP6,1000,1000,1000,1000,0,0,1.0,1.0,81.36120109999999,19.75154115,120.30149792989091,357.4729601858464,61.60965995,4.11923305033,-237.171462256,0.336533140485
final-20260805T122631Z-11a3fbb-n1000-c05-r05,5,OP1,1000,5,n1000-c05-r05-attempt01,n1000-c05-r05-attempt01,n1000-c05-r05-attempt01-fabric-measured-OP1,n1000-c05-r05-attempt01-traditional-measured-OP1,1000,1000,1000,1000,0,0,1.0,1.0,2260.5971495,33.64026404999999,2.3583034409559214,190.36353609127048,2226.95688545,67.1991499871,-188.00523265,0.0123884200167
final-20260805T122631Z-11a3fbb-n1000-c05-r05,5,OP2,1000,5,n1000-c05-r05-attempt01,n1000-c05-r05-attempt01,n1000-c05-r05-attempt01-fabric-measured-OP2,n1000-c05-r05-attempt01-traditional-measured-OP2,1000,1000,1000,1000,0,0,1.0,1.0,173.69464774999997,60.96216464999992,66.02576773996664,222.634612222917,112.7324831,2.84922047547,-156.608844483,0.296565601731
final-20260805T122631Z-11a3fbb-n1000-c05-r05,5,OP3,1000,5,n1000-c05-r05-attempt01,n1000-c05-r05-attempt01,n1000-c05-r05-attempt01-fabric-measured-OP3,n1000-c05-r05-attempt01-traditional-measured-OP3,1000,1000,1000,1000,0,0,1.0,1.0,2829.97267515,50.27953939999997,2.27281789928514,161.96803469129063,2779.69313575,56.2847772458,-159.695216792,0.0140325089677
final-20260805T122631Z-11a3fbb-n1000-c05-r05,5,OP4,1000,5,n1000-c05-r05-attempt01,n1000-c05-r05-attempt01,n1000-c05-r05-attempt01-fabric-measured-OP4,n1000-c05-r05-attempt01-traditional-measured-OP4,1000,1000,1000,1000,0,0,1.0,1.0,2189.0168562,46.56057409999999,2.379474630837908,172.12422285511042,2142.4562821,47.01438714,-169.744748224,0.0138241706563
final-20260805T122631Z-11a3fbb-n1000-c05-r05,5,OP5,1000,5,n1000-c05-r05-attempt01,n1000-c05-r05-attempt01,n1000-c05-r05-attempt01-fabric-measured-OP5,n1000-c05-r05-attempt01-traditional-measured-OP5,1000,1000,1000,1000,0,0,1.0,1.0,88.2420334,32.377408999999986,115.44478187479058,298.4714109039677,55.8646244,2.72541985679,-183.026629029,0.386786732857
final-20260805T122631Z-11a3fbb-n1000-c05-r05,5,OP6,1000,5,n1000-c05-r05-attempt01,n1000-c05-r05-attempt01,n1000-c05-r05-attempt01-fabric-measured-OP6,n1000-c05-r05-attempt01-traditional-measured-OP6,1000,1000,1000,1000,0,0,1.0,1.0,45.516502,19.166943,154.09273614809933,357.09017664935374,26.349559,2.37473977984,-202.997440501,0.431523313226
final-20260805T122631Z-11a3fbb-n1000-c05-r06,6,OP1,1000,5,n1000-c05-r06-attempt01,n1000-c05-r06-attempt01,n1000-c05-r06-attempt01-fabric-measured-OP1,n1000-c05-r06-attempt01-traditional-measured-OP1,1000,1000,1000,1000,0,0,1.0,1.0,2237.398913,54.03290374999981,2.358677235297716,161.9853896866329,2183.36600925,41.4080820707,-159.626712451,0.0145610492394
final-20260805T122631Z-11a3fbb-n1000-c05-r06,6,OP2,1000,5,n1000-c05-r06-attempt01,n1000-c05-r06-attempt01,n1000-c05-r06-attempt01-fabric-measured-OP2,n1000-c05-r06-attempt01-traditional-measured-OP2,1000,1000,1000,1000,0,0,1.0,1.0,165.6898941499999,34.62460534999996,65.7487400947484,317.6082801677928,131.0652888,4.78532224339,-251.859540073,0.2070120466
final-20260805T122631Z-11a3fbb-n1000-c05-r06,6,OP3,1000,5,n1000-c05-r06-attempt01,n1000-c05-r06-attempt01,n1000-c05-r06-attempt01-fabric-measured-OP3,n1000-c05-r06-attempt01-traditional-measured-OP3,1000,1000,1000,1000,0,0,1.0,1.0,2242.11187315,83.37326309999999,2.368147317573897,143.8982955810682,2158.73861005,26.8924567635,-141.530148263,0.0164570908086
final-20260805T122631Z-11a3fbb-n1000-c05-r06,6,OP4,1000,5,n1000-c05-r06-attempt01,n1000-c05-r06-attempt01,n1000-c05-r06-attempt01-fabric-measured-OP4,n1000-c05-r06-attempt01-traditional-measured-OP4,1000,1000,1000,1000,0,0,1.0,1.0,2245.2878573,66.5804256999999,2.369515726978839,155.4967059025031,2178.7074316,33.7229423467,-153.127190176,0.0152383660684
final-20260805T122631Z-11a3fbb-n1000-c05-r06,6,OP5,1000,5,n1000-c05-r06-attempt01,n1000-c05-r06-attempt01,n1000-c05-r06-attempt01-fabric-measured-OP5,n1000-c05-r06-attempt01-traditional-measured-OP5,1000,1000,1000,1000,0,0,1.0,1.0,95.07149594999989,60.38984719999996,118.73734777048126,227.9024455559632,34.68164875,1.57429601759,-109.165097785,0.521000761887
final-20260805T122631Z-11a3fbb-n1000-c05-r06,6,OP6,1000,5,n1000-c05-r06-attempt01,n1000-c05-r06-attempt01,n1000-c05-r06-attempt01-fabric-measured-OP6,n1000-c05-r06-attempt01-traditional-measured-OP6,1000,1000,1000,1000,0,0,1.0,1.0,53.383296649999984,20.180926249999995,147.06622948194507,353.9592472999123,33.2023704,2.64523520817,-206.893017818,0.41548915759
final-20260805T122631Z-11a3fbb-n1000-c05-r07,7,OP1,1000,5,n1000-c05-r07-attempt01,n1000-c05-r07-attempt01,n1000-c05-r07-attempt01-fabric-measured-OP1,n1000-c05-r07-attempt01-traditional-measured-OP1,1000,1000,1000,1000,0,0,1.0,1.0,2258.05072095,98.10703429999994,2.3595146702134664,128.2723825664702,2159.94368665,23.0161959034,-125.912867896,0.0183945649329
final-20260805T122631Z-11a3fbb-n1000-c05-r07,7,OP2,1000,5,n1000-c05-r07-attempt01,n1000-c05-r07-attempt01,n1000-c05-r07-attempt01-fabric-measured-OP2,n1000-c05-r07-attempt01-traditional-measured-OP2,1000,1000,1000,1000,0,0,1.0,1.0,115.7491157499999,22.5936063,77.30947376440665,345.67499988684324,93.15550945,5.12309164872,-268.365526122,0.223647859376
final-20260805T122631Z-11a3fbb-n1000-c05-r07,7,OP3,1000,5,n1000-c05-r07-attempt01,n1000-c05-r07-attempt01,n1000-c05-r07-attempt01-fabric-measured-OP3,n1000-c05-r07-attempt01-traditional-measured-OP3,1000,1000,1000,1000,0,0,1.0,1.0,2242.90177685,85.02801604999998,2.365406563600508,135.31723125894862,2157.8737608,26.3783853963,-132.951824695,0.0174804534618
final-20260805T122631Z-11a3fbb-n1000-c05-r07,7,OP4,1000,5,n1000-c05-r07-attempt01,n1000-c05-r07-attempt01,n1000-c05-r07-attempt01-fabric-measured-OP4,n1000-c05-r07-attempt01-traditional-measured-OP4,1000,1000,1000,1000,0,0,1.0,1.0,2232.31671555,106.96542159999998,2.371726872081985,131.52848587639767,2125.35129395,20.8695172903,-129.156759004,0.0180320396474
final-20260805T122631Z-11a3fbb-n1000-c05-r07,7,OP5,1000,5,n1000-c05-r07-attempt01,n1000-c05-r07-attempt01,n1000-c05-r07-attempt01-fabric-measured-OP5,n1000-c05-r07-attempt01-traditional-measured-OP5,1000,1000,1000,1000,0,0,1.0,1.0,78.04131115,29.13123419999997,123.0945353824452,329.2043925847448,48.91007695,2.67895656649,-206.109857202,0.373915227607
final-20260805T122631Z-11a3fbb-n1000-c05-r07,7,OP6,1000,5,n1000-c05-r07-attempt01,n1000-c05-r07-attempt01,n1000-c05-r07-attempt01-fabric-measured-OP6,n1000-c05-r07-attempt01-traditional-measured-OP6,1000,1000,1000,1000,0,0,1.0,1.0,98.58278634999996,56.18668019999997,119.33470664286544,238.74967157983144,42.39610615,1.75455794859,-119.414964937,0.499831919572
final-20260805T122631Z-11a3fbb-n1000-c05-r08,8,OP1,1000,5,n1000-c05-r08-attempt01,n1000-c05-r08-attempt01,n1000-c05-r08-attempt01-fabric-measured-OP1,n1000-c05-r08-attempt01-traditional-measured-OP1,1000,1000,1000,1000,0,0,1.0,1.0,2287.3161271,55.33499115,2.3459524071936304,157.17822657746532,2231.98113595,41.3357999986,-154.83227417,0.0149254286569
final-20260805T122631Z-11a3fbb-n1000-c05-r08,8,OP2,1000,5,n1000-c05-r08-attempt01,n1000-c05-r08-attempt01,n1000-c05-r08-attempt01-fabric-measured-OP2,n1000-c05-r08-attempt01-traditional-measured-OP2,1000,1000,1000,1000,0,0,1.0,1.0,142.2333655,34.35975035,74.44289438564712,284.70745602818613,107.87361515,4.13953431126,-210.264561643,0.261471530898
final-20260805T122631Z-11a3fbb-n1000-c05-r08,8,OP3,1000,5,n1000-c05-r08-attempt01,n1000-c05-r08-attempt01,n1000-c05-r08-attempt01-fabric-measured-OP3,n1000-c05-r08-attempt01-traditional-measured-OP3,1000,1000,1000,1000,0,0,1.0,1.0,2221.3628111,52.74117405,2.3692664168119597,163.523394415063,2168.62163705,42.1181904103,-161.154127998,0.0144888529576
final-20260805T122631Z-11a3fbb-n1000-c05-r08,8,OP4,1000,5,n1000-c05-r08-attempt01,n1000-c05-r08-attempt01,n1000-c05-r08-attempt01-fabric-measured-OP4,n1000-c05-r08-attempt01-traditional-measured-OP4,1000,1000,1000,1000,0,0,1.0,1.0,2260.6424028,52.48353194999995,2.3700714447407245,166.29406380822095,2208.15887085,43.0733664219,-163.923992363,0.0142522913354
final-20260805T122631Z-11a3fbb-n1000-c05-r08,8,OP5,1000,5,n1000-c05-r08-attempt01,n1000-c05-r08-attempt01,n1000-c05-r08-attempt01-fabric-measured-OP5,n1000-c05-r08-attempt01-traditional-measured-OP5,1000,1000,1000,1000,0,0,1.0,1.0,66.84117009999999,22.3340879,124.68144114655134,326.4261934885968,44.5070822,2.99278709743,-201.744752342,0.381959057311
final-20260805T122631Z-11a3fbb-n1000-c05-r08,8,OP6,1000,5,n1000-c05-r08-attempt01,n1000-c05-r08-attempt01,n1000-c05-r08-attempt01-fabric-measured-OP6,n1000-c05-r08-attempt01-traditional-measured-OP6,1000,1000,1000,1000,0,0,1.0,1.0,56.47453735,40.47795054999997,143.01865707514446,270.80312166825337,15.9965868,1.3951926069,-127.784464593,0.528127800721
final-20260805T122631Z-11a3fbb-n1000-c05-r09,9,OP1,1000,5,n1000-c05-r09-attempt01,n1000-c05-r09-attempt01,n1000-c05-r09-attempt01-fabric-measured-OP1,n1000-c05-r09-attempt01-traditional-measured-OP1,1000,1000,1000,1000,0,0,1.0,1.0,2296.29841375,63.56726279999993,2.3482117194390297,150.44769183791337,2232.73115095,36.1239152451,-148.099480118,0.0156081604892
final-20260805T122631Z-11a3fbb-n1000-c05-r09,9,OP2,1000,5,n1000-c05-r09-attempt01,n1000-c05-r09-attempt01,n1000-c05-r09-attempt01-fabric-measured-OP2,n1000-c05-r09-attempt01-traditional-measured-OP2,1000,1000,1000,1000,0,0,1.0,1.0,128.71690269999996,30.245131449999988,75.53217075386354,304.5479951692731,98.47177125,4.25578916437,-229.015824415,0.248014014053
final-20260805T122631Z-11a3fbb-n1000-c05-r09,9,OP3,1000,5,n1000-c05-r09-attempt01,n1000-c05-r09-attempt01,n1000-c05-r09-attempt01-fabric-measured-OP3,n1000-c05-r09-attempt01-traditional-measured-OP3,1000,1000,1000,1000,0,0,1.0,1.0,2258.92995845,58.68936115,2.362035150554504,159.1177016622156,2200.2405973,38.4895986971,-156.755666512,0.0148445781071
final-20260805T122631Z-11a3fbb-n1000-c05-r09,9,OP4,1000,5,n1000-c05-r09-attempt01,n1000-c05-r09-attempt01,n1000-c05-r09-attempt01-fabric-measured-OP4,n1000-c05-r09-attempt01-traditional-measured-OP4,1000,1000,1000,1000,0,0,1.0,1.0,2248.83859535,50.54672834999997,2.372665923737671,164.0609095256116,2198.291867,44.4902898518,-161.688243602,0.0144621039259
final-20260805T122631Z-11a3fbb-n1000-c05-r09,9,OP5,1000,5,n1000-c05-r09-attempt01,n1000-c05-r09-attempt01,n1000-c05-r09-attempt01-fabric-measured-OP5,n1000-c05-r09-attempt01-traditional-measured-OP5,1000,1000,1000,1000,0,0,1.0,1.0,70.38293844999995,18.18608225,127.65781628315554,370.1586372992068,52.1968562,3.87015397173,-242.500821016,0.344873260866
final-20260805T122631Z-11a3fbb-n1000-c05-r09,9,OP6,1000,5,n1000-c05-r09-attempt01,n1000-c05-r09-attempt01,n1000-c05-r09-attempt01-fabric-measured-OP6,n1000-c05-r09-attempt01-traditional-measured-OP6,1000,1000,1000,1000,0,0,1.0,1.0,83.72586854999996,43.66865735,123.16879311072344,262.3677997233578,40.0572112,1.91729889653,-139.199006613,0.469450874843
final-20260805T122631Z-11a3fbb-n1000-c05-r10,10,OP1,1000,5,n1000-c05-r10-attempt01,n1000-c05-r10-attempt01,n1000-c05-r10-attempt01-fabric-measured-OP1,n1000-c05-r10-attempt01-traditional-measured-OP1,1000,1000,1000,1000,0,0,1.0,1.0,2178.8364651,45.25278064999999,2.362215348314877,173.03360355856813,2133.58368445,48.1481233596,-170.67138821,0.0136517722554
final-20260805T122631Z-11a3fbb-n1000-c05-r10,10,OP2,1000,5,n1000-c05-r10-attempt01,n1000-c05-r10-attempt01,n1000-c05-r10-attempt01-fabric-measured-OP2,n1000-c05-r10-attempt01-traditional-measured-OP2,1000,1000,1000,1000,0,0,1.0,1.0,131.51604469999998,45.05537629999999,72.16080356532063,269.45290948423724,86.4606684,2.91898671147,-197.292105919,0.267804878053
final-20260805T122631Z-11a3fbb-n1000-c05-r10,10,OP3,1000,5,n1000-c05-r10-attempt01,n1000-c05-r10-attempt01,n1000-c05-r10-attempt01-fabric-measured-OP3,n1000-c05-r10-attempt01-traditional-measured-OP3,1000,1000,1000,1000,0,0,1.0,1.0,3143.18405305,58.57863724999998,2.220522255070021,160.27260053732869,3084.6054158,53.6575140804,-158.052078282,0.0138546591721
final-20260805T122631Z-11a3fbb-n1000-c05-r10,10,OP4,1000,5,n1000-c05-r10-attempt01,n1000-c05-r10-attempt01,n1000-c05-r10-attempt01-fabric-measured-OP4,n1000-c05-r10-attempt01-traditional-measured-OP4,1000,1000,1000,1000,0,0,1.0,1.0,2257.74719555,42.15041894999999,2.3697451072468554,171.54811308431235,2215.5967766,53.5640511243,-169.178367977,0.0138138803432
final-20260805T122631Z-11a3fbb-n1000-c05-r10,10,OP5,1000,5,n1000-c05-r10-attempt01,n1000-c05-r10-attempt01,n1000-c05-r10-attempt01-fabric-measured-OP5,n1000-c05-r10-attempt01-traditional-measured-OP5,1000,1000,1000,1000,0,0,1.0,1.0,88.39862164999994,53.16110854999998,114.37984506811452,261.09797470194,35.2375131,1.66284383567,-146.718129634,0.438072509749
final-20260805T122631Z-11a3fbb-n1000-c05-r10,10,OP6,1000,5,n1000-c05-r10-attempt01,n1000-c05-r10-attempt01,n1000-c05-r10-attempt01-fabric-measured-OP6,n1000-c05-r10-attempt01-traditional-measured-OP6,1000,1000,1000,1000,0,0,1.0,1.0,80.12253779999995,39.83834409999999,126.68548258489452,289.5696032500333,40.2841937,2.01119146918,-162.884120665,0.437495790867
final-20260805T122631Z-11a3fbb-n1000-c10-r01,1,OP1,1000,10,n1000-c10-r01-attempt02,n1000-c10-r01-attempt02,n1000-c10-r01-attempt02-fabric-measured-OP1,n1000-c10-r01-attempt02-traditional-measured-OP1,1000,1000,1000,1000,0,0,1.0,1.0,460.7827099,121.86771369999995,45.26635340500829,154.54494792042112,338.9149962,3.78100725705,-109.278594515,0.292900893974
final-20260805T122631Z-11a3fbb-n1000-c10-r01,1,OP2,1000,10,n1000-c10-r01-attempt02,n1000-c10-r01-attempt02,n1000-c10-r01-attempt02-fabric-measured-OP2,n1000-c10-r01-attempt02-traditional-measured-OP2,1000,1000,1000,1000,0,0,1.0,1.0,364.3799849999997,95.86198629999998,60.6230189293119,285.612462423325,268.5179987,3.80108945228,-224.989443494,0.212256210443
final-20260805T122631Z-11a3fbb-n1000-c10-r01,1,OP3,1000,10,n1000-c10-r01-attempt02,n1000-c10-r01-attempt02,n1000-c10-r01-attempt02-fabric-measured-OP3,n1000-c10-r01-attempt02-traditional-measured-OP3,1000,1000,1000,1000,0,0,1.0,1.0,462.6426708999999,176.60021014999987,51.2359185923249,122.83454997943596,286.04246075,2.61971755587,-71.5986313871,0.417113251939
final-20260805T122631Z-11a3fbb-n1000-c10-r01,1,OP4,1000,10,n1000-c10-r01-attempt02,n1000-c10-r01-attempt02,n1000-c10-r01-attempt02-fabric-measured-OP4,n1000-c10-r01-attempt02-traditional-measured-OP4,1000,1000,1000,1000,0,0,1.0,1.0,444.7096668499996,124.18930729999998,54.76345117458604,156.544557664113,320.52035955,3.58090141992,-101.78110649,0.349826605228
final-20260805T122631Z-11a3fbb-n1000-c10-r01,1,OP5,1000,10,n1000-c10-r01-attempt02,n1000-c10-r01-attempt02,n1000-c10-r01-attempt02-fabric-measured-OP5,n1000-c10-r01-attempt02-traditional-measured-OP5,1000,1000,1000,1000,0,0,1.0,1.0,199.5573025,149.27595829999996,104.76216304353926,218.5810351248615,50.2813442,1.33683484449,-113.818872081,0.479282948695
final-20260805T122631Z-11a3fbb-n1000-c10-r01,1,OP6,1000,10,n1000-c10-r01-attempt02,n1000-c10-r01-attempt02,n1000-c10-r01-attempt02-fabric-measured-OP6,n1000-c10-r01-attempt02-traditional-measured-OP6,1000,1000,1000,1000,0,0,1.0,1.0,182.05223464999997,87.76707889999999,116.7959747995866,310.06014303257336,94.28515575,2.07426562364,-193.264168233,0.376688127849
final-20260805T122631Z-11a3fbb-n1000-c10-r02,2,OP1,1000,10,n1000-c10-r02-attempt01,n1000-c10-r02-attempt01,n1000-c10-r02-attempt01-fabric-measured-OP1,n1000-c10-r02-attempt01-traditional-measured-OP1,1000,1000,1000,1000,0,0,1.0,1.0,451.5630085999999,151.14004969999996,45.98888492782228,145.4222431871201,300.4229589,2.98771245276,-99.4333582593,0.316243814701
final-20260805T122631Z-11a3fbb-n1000-c10-r02,2,OP2,1000,10,n1000-c10-r02-attempt01,n1000-c10-r02-attempt01,n1000-c10-r02-attempt01-fabric-measured-OP2,n1000-c10-r02-attempt01-traditional-measured-OP2,1000,1000,1000,1000,0,0,1.0,1.0,329.31961744999995,127.39618894999994,62.83588124266194,249.6604146502573,201.9234285,2.58500368154,-186.824533408,0.251685399669
final-20260805T122631Z-11a3fbb-n1000-c10-r02,2,OP3,1000,10,n1000-c10-r02-attempt01,n1000-c10-r02-attempt01,n1000-c10-r02-attempt01-fabric-measured-OP3,n1000-c10-r02-attempt01-traditional-measured-OP3,1000,1000,1000,1000,0,0,1.0,1.0,424.5188195,91.57900729999996,52.21069246898678,175.17613920944936,332.9398122,4.63554729425,-122.96544674,0.298046827066
final-20260805T122631Z-11a3fbb-n1000-c10-r02,2,OP4,1000,10,n1000-c10-r02-attempt01,n1000-c10-r02-attempt01,n1000-c10-r02-attempt01-fabric-measured-OP4,n1000-c10-r02-attempt01-traditional-measured-OP4,1000,1000,1000,1000,0,0,1.0,1.0,326.83169854999994,203.07768265,56.26669782692385,131.10979107879646,123.7540159,1.60939249594,-74.8430932519,0.429157100808
final-20260805T122631Z-11a3fbb-n1000-c10-r02,2,OP5,1000,10,n1000-c10-r02-attempt01,n1000-c10-r02-attempt01,n1000-c10-r02-attempt01-fabric-measured-OP5,n1000-c10-r02-attempt01-traditional-measured-OP5,1000,1000,1000,1000,0,0,1.0,1.0,163.43775224999987,102.27953755,108.02825886290674,281.41423638235,61.1582147,1.5979516154,-173.385977519,0.383876310778
final-20260805T122631Z-11a3fbb-n1000-c10-r02,2,OP6,1000,10,n1000-c10-r02-attempt01,n1000-c10-r02-attempt01,n1000-c10-r02-attempt01-fabric-measured-OP6,n1000-c10-r02-attempt01-traditional-measured-OP6,1000,1000,1000,1000,0,0,1.0,1.0,217.39777389999995,137.64153134999998,104.38934754359968,221.95965499901675,79.75624255,1.57944896259,-117.570307455,0.470307757255
final-20260805T122631Z-11a3fbb-n1000-c10-r03,3,OP1,1000,10,n1000-c10-r03-attempt01,n1000-c10-r03-attempt01,n1000-c10-r03-attempt01-fabric-measured-OP1,n1000-c10-r03-attempt01-traditional-measured-OP1,1000,1000,1000,1000,0,0,1.0,1.0,1930.3705729999988,152.2477423499996,11.92435605347466,136.7549079442406,1778.12283065,12.679140874,-124.830551891,0.08719508669
final-20260805T122631Z-11a3fbb-n1000-c10-r03,3,OP2,1000,10,n1000-c10-r03-attempt01,n1000-c10-r03-attempt01,n1000-c10-r03-attempt01-fabric-measured-OP2,n1000-c10-r03-attempt01-traditional-measured-OP2,1000,1000,1000,1000,0,0,1.0,1.0,399.58059255,126.7055388,56.93238875287438,244.82936934647088,272.87505375,3.15361582717,-187.896980594,0.232539049154
final-20260805T122631Z-11a3fbb-n1000-c10-r03,3,OP3,1000,10,n1000-c10-r03-attempt01,n1000-c10-r03-attempt01,n1000-c10-r03-attempt01-fabric-measured-OP3,n1000-c10-r03-attempt01-traditional-measured-OP3,1000,1000,1000,1000,0,0,1.0,1.0,1471.72886305,95.3513493,25.13606665656961,176.05502127299053,1376.37751375,15.434798499,-150.918954616,0.14277392644
final-20260805T122631Z-11a3fbb-n1000-c10-r03,3,OP4,1000,10,n1000-c10-r03-attempt01,n1000-c10-r03-attempt01,n1000-c10-r03-attempt01-fabric-measured-OP4,n1000-c10-r03-attempt01-traditional-measured-OP4,1000,1000,1000,1000,0,0,1.0,1.0,444.93588805,145.24038914999986,54.1597302298508,149.48581293172683,299.6954989,3.06344461519,-95.3260827019,0.362306824759
final-20260805T122631Z-11a3fbb-n1000-c10-r03,3,OP5,1000,10,n1000-c10-r03-attempt01,n1000-c10-r03-attempt01,n1000-c10-r03-attempt01-fabric-measured-OP5,n1000-c10-r03-attempt01-traditional-measured-OP5,1000,1000,1000,1000,0,0,1.0,1.0,207.2265756,83.85845125,100.00464726596078,329.4174646976595,123.36812435,2.47114718327,-229.412817432,0.303580283328
final-20260805T122631Z-11a3fbb-n1000-c10-r03,3,OP6,1000,10,n1000-c10-r03-attempt01,n1000-c10-r03-attempt01,n1000-c10-r03-attempt01-fabric-measured-OP6,n1000-c10-r03-attempt01-traditional-measured-OP6,1000,1000,1000,1000,0,0,1.0,1.0,229.03064085,154.37044614999988,99.57860740162572,191.1117761520624,74.6601947,1.48364305838,-91.5331687504,0.521049039502
final-20260805T122631Z-11a3fbb-n1000-c10-r04,4,OP1,1000,10,n1000-c10-r04-attempt01,n1000-c10-r04-attempt01,n1000-c10-r04-attempt01-fabric-measured-OP1,n1000-c10-r04-attempt01-traditional-measured-OP1,1000,1000,1000,1000,0,0,1.0,1.0,549.8645933499998,140.7842856999999,45.65425487506951,138.64367661545052,409.08030765,3.90572421216,-92.9894217404,0.329292009485
final-20260805T122631Z-11a3fbb-n1000-c10-r04,4,OP2,1000,10,n1000-c10-r04-attempt01,n1000-c10-r04-attempt01,n1000-c10-r04-attempt01-fabric-measured-OP2,n1000-c10-r04-attempt01-traditional-measured-OP2,1000,1000,1000,1000,0,0,1.0,1.0,324.81426445,97.98102609999997,60.96686947877423,298.67974651384435,226.83323835,3.31507310526,-237.712877035,0.204121204033
final-20260805T122631Z-11a3fbb-n1000-c10-r04,4,OP3,1000,10,n1000-c10-r04-attempt01,n1000-c10-r04-attempt01,n1000-c10-r04-attempt01-fabric-measured-OP3,n1000-c10-r04-attempt01-traditional-measured-OP3,1000,1000,1000,1000,0,0,1.0,1.0,492.7998495,127.02515915,48.03950598104967,152.00327257695344,365.77469035,3.87954522394,-103.963766596,0.316042577022
final-20260805T122631Z-11a3fbb-n1000-c10-r04,4,OP4,1000,10,n1000-c10-r04-attempt01,n1000-c10-r04-attempt01,n1000-c10-r04-attempt01-fabric-measured-OP4,n1000-c10-r04-attempt01-traditional-measured-OP4,1000,1000,1000,1000,0,0,1.0,1.0,399.3696545,144.41961024999995,54.67210776342007,142.7271626981245,254.95004425,2.76534228149,-88.0550549347,0.383053279627
final-20260805T122631Z-11a3fbb-n1000-c10-r04,4,OP5,1000,10,n1000-c10-r04-attempt01,n1000-c10-r04-attempt01,n1000-c10-r04-attempt01-fabric-measured-OP5,n1000-c10-r04-attempt01-traditional-measured-OP5,1000,1000,1000,1000,0,0,1.0,1.0,234.83863,114.60028395,95.47247833570074,272.4454031651667,120.23834605,2.04919762766,-176.972924829,0.350427928776
final-20260805T122631Z-11a3fbb-n1000-c10-r04,4,OP6,1000,10,n1000-c10-r04-attempt01,n1000-c10-r04-attempt01,n1000-c10-r04-attempt01-fabric-measured-OP6,n1000-c10-r04-attempt01-traditional-measured-OP6,1000,1000,1000,1000,0,0,1.0,1.0,226.25265654999995,131.7701263499999,101.1451114869493,230.62309692285203,94.4825302,1.71702542008,-129.477985436,0.438573208133
final-20260805T122631Z-11a3fbb-n1000-c10-r05,5,OP1,1000,10,n1000-c10-r05-attempt01,n1000-c10-r05-attempt01,n1000-c10-r05-attempt01-fabric-measured-OP1,n1000-c10-r05-attempt01-traditional-measured-OP1,1000,1000,1000,1000,0,0,1.0,1.0,395.40347314999616,205.2477724999999,45.9018508034036,125.11595861212484,190.15570065,1.92646901028,-79.2141078087,0.366874468394
final-20260805T122631Z-11a3fbb-n1000-c10-r05,5,OP2,1000,10,n1000-c10-r05-attempt01,n1000-c10-r05-attempt01,n1000-c10-r05-attempt01-fabric-measured-OP2,n1000-c10-r05-attempt01-traditional-measured-OP2,1000,1000,1000,1000,0,0,1.0,1.0,375.9405017999998,87.47389534999999,58.74015137077495,325.6813435600306,288.46660645,4.29774506206,-266.941192189,0.180360811365
final-20260805T122631Z-11a3fbb-n1000-c10-r05,5,OP3,1000,10,n1000-c10-r05-attempt01,n1000-c10-r05-attempt01,n1000-c10-r05-attempt01-fabric-measured-OP3,n1000-c10-r05-attempt01-traditional-measured-OP3,1000,1000,1000,1000,0,0,1.0,1.0,434.96566739999975,188.68612549999995,49.91502571841552,147.25744955303514,246.2795419,2.30523397652,-97.3424238346,0.338964350326
final-20260805T122631Z-11a3fbb-n1000-c10-r05,5,OP4,1000,10,n1000-c10-r05-attempt01,n1000-c10-r05-attempt01,n1000-c10-r05-attempt01-fabric-measured-OP4,n1000-c10-r05-attempt01-traditional-measured-OP4,1000,1000,1000,1000,0,0,1.0,1.0,326.84989134999995,170.2264123,56.58061492570481,141.26029962181974,156.62347905,1.92008917379,-84.6796846961,0.400541518581
final-20260805T122631Z-11a3fbb-n1000-c10-r05,5,OP5,1000,10,n1000-c10-r05-attempt01,n1000-c10-r05-attempt01,n1000-c10-r05-attempt01-fabric-measured-OP5,n1000-c10-r05-attempt01-traditional-measured-OP5,1000,1000,1000,1000,0,0,1.0,1.0,201.24306189999976,106.16983664999998,104.54697775215116,265.3650087694869,95.07322525,1.89548244822,-160.818031017,0.393974240375
final-20260805T122631Z-11a3fbb-n1000-c10-r05,5,OP6,1000,10,n1000-c10-r05-attempt01,n1000-c10-r05-attempt01,n1000-c10-r05-attempt01-fabric-measured-OP6,n1000-c10-r05-attempt01-traditional-measured-OP6,1000,1000,1000,1000,0,0,1.0,1.0,229.1970615,136.4522768,107.17016043681346,234.87289427736496,92.7447847,1.67968660454,-127.702733841,0.456290031962
final-20260805T122631Z-11a3fbb-n1000-c10-r06,6,OP1,1000,10,n1000-c10-r06-attempt01,n1000-c10-r06-attempt01,n1000-c10-r06-attempt01-fabric-measured-OP1,n1000-c10-r06-attempt01-traditional-measured-OP1,1000,1000,1000,1000,0,0,1.0,1.0,383.0413832999998,127.41313824999996,46.632677801516,145.44790255793984,255.62824505,3.00629423748,-98.8152247564,0.320614302313
final-20260805T122631Z-11a3fbb-n1000-c10-r06,6,OP2,1000,10,n1000-c10-r06-attempt01,n1000-c10-r06-attempt01,n1000-c10-r06-attempt01-fabric-measured-OP2,n1000-c10-r06-attempt01-traditional-measured-OP2,1000,1000,1000,1000,0,0,1.0,1.0,324.93050694999994,122.62010514999996,61.85697553397985,245.86949857804487,202.3104018,2.64989584337,-184.012523044,0.251584584065
final-20260805T122631Z-11a3fbb-n1000-c10-r06,6,OP3,1000,10,n1000-c10-r06-attempt01,n1000-c10-r06-attempt01,n1000-c10-r06-attempt01-fabric-measured-OP3,n1000-c10-r06-attempt01-traditional-measured-OP3,1000,1000,1000,1000,0,0,1.0,1.0,397.6510323,124.4426069,49.63439973453486,153.6961211548062,273.2084254,3.19545726505,-104.06172142,0.322938531966
final-20260805T122631Z-11a3fbb-n1000-c10-r06,6,OP4,1000,10,n1000-c10-r06-attempt01,n1000-c10-r06-attempt01,n1000-c10-r06-attempt01-fabric-measured-OP4,n1000-c10-r06-attempt01-traditional-measured-OP4,1000,1000,1000,1000,0,0,1.0,1.0,444.9528285,97.6150641,53.65679582646857,175.42639315423594,347.3377644,4.5582393722,-121.769597328,0.305865011882
final-20260805T122631Z-11a3fbb-n1000-c10-r06,6,OP5,1000,10,n1000-c10-r06-attempt01,n1000-c10-r06-attempt01,n1000-c10-r06-attempt01-fabric-measured-OP5,n1000-c10-r06-attempt01-traditional-measured-OP5,1000,1000,1000,1000,0,0,1.0,1.0,191.12625974999995,135.4212466,100.48711387708671,236.95639423959128,55.70501315,1.41134618495,-136.469280363,0.424074286746
final-20260805T122631Z-11a3fbb-n1000-c10-r06,6,OP6,1000,10,n1000-c10-r06-attempt01,n1000-c10-r06-attempt01,n1000-c10-r06-attempt01-fabric-measured-OP6,n1000-c10-r06-attempt01-traditional-measured-OP6,1000,1000,1000,1000,0,0,1.0,1.0,241.4979758999998,114.49637949999988,95.86050005485872,248.1793037037925,127.0015964,2.10921932165,-152.318803649,0.386255012502
final-20260805T122631Z-11a3fbb-n1000-c10-r07,7,OP1,1000,10,n1000-c10-r07-attempt01,n1000-c10-r07-attempt01,n1000-c10-r07-attempt01-fabric-measured-OP1,n1000-c10-r07-attempt01-traditional-measured-OP1,1000,1000,1000,1000,0,0,1.0,1.0,429.7833904,132.41523944999997,46.58618536759595,152.3911101163453,297.36815095,3.24572452676,-105.804924749,0.305701463373
final-20260805T122631Z-11a3fbb-n1000-c10-r07,7,OP2,1000,10,n1000-c10-r07-attempt01,n1000-c10-r07-attempt01,n1000-c10-r07-attempt01-fabric-measured-OP2,n1000-c10-r07-attempt01-traditional-measured-OP2,1000,1000,1000,1000,0,0,1.0,1.0,350.36009199999995,118.12509539999998,60.682124781536,225.02957959254076,232.2349966,2.96600896544,-164.347454811,0.269662881171
final-20260805T122631Z-11a3fbb-n1000-c10-r07,7,OP3,1000,10,n1000-c10-r07-attempt01,n1000-c10-r07-attempt01,n1000-c10-r07-attempt01-fabric-measured-OP3,n1000-c10-r07-attempt01-traditional-measured-OP3,1000,1000,1000,1000,0,0,1.0,1.0,395.84546149999983,174.5951690999998,49.51317299326623,143.0716018742643,221.2502924,2.26721886717,-93.558428881,0.346072682102
final-20260805T122631Z-11a3fbb-n1000-c10-r07,7,OP4,1000,10,n1000-c10-r07-attempt01,n1000-c10-r07-attempt01,n1000-c10-r07-attempt01-fabric-measured-OP4,n1000-c10-r07-attempt01-traditional-measured-OP4,1000,1000,1000,1000,0,0,1.0,1.0,296.94488545,119.07167829999968,58.36365819570876,166.8649114703068,177.87320715,2.49383303981,-108.501253275,0.349765913525
final-20260805T122631Z-11a3fbb-n1000-c10-r07,7,OP5,1000,10,n1000-c10-r07-attempt01,n1000-c10-r07-attempt01,n1000-c10-r07-attempt01-fabric-measured-OP5,n1000-c10-r07-attempt01-traditional-measured-OP5,1000,1000,1000,1000,0,0,1.0,1.0,204.6381924499997,135.26906775,95.83265503059964,217.71699903913432,69.3691247,1.51282326295,-121.884344009,0.440170751267
final-20260805T122631Z-11a3fbb-n1000-c10-r07,7,OP6,1000,10,n1000-c10-r07-attempt01,n1000-c10-r07-attempt01,n1000-c10-r07-attempt01-fabric-measured-OP6,n1000-c10-r07-attempt01-traditional-measured-OP6,1000,1000,1000,1000,0,0,1.0,1.0,236.1331024,117.83106999999993,102.77244369468072,245.2308755517849,118.3020324,2.00399692882,-142.458431857,0.419084438138
final-20260805T122631Z-11a3fbb-n1000-c10-r08,8,OP1,1000,10,n1000-c10-r08-attempt01,n1000-c10-r08-attempt01,n1000-c10-r08-attempt01-fabric-measured-OP1,n1000-c10-r08-attempt01-traditional-measured-OP1,1000,1000,1000,1000,0,0,1.0,1.0,527.2369861999998,1245.9318027499992,45.08759223782741,50.469682597934096,-718.69481655,0.423166809802,-5.38209036011,0.893359932477
final-20260805T122631Z-11a3fbb-n1000-c10-r08,8,OP2,1000,10,n1000-c10-r08-attempt01,n1000-c10-r08-attempt01,n1000-c10-r08-attempt01-fabric-measured-OP2,n1000-c10-r08-attempt01-traditional-measured-OP2,1000,1000,1000,1000,0,0,1.0,1.0,389.0776291499999,66.53082489999996,56.64920426186382,343.9934858669088,322.54680425,5.84808064134,-287.344281605,0.164681037837
final-20260805T122631Z-11a3fbb-n1000-c10-r08,8,OP3,1000,10,n1000-c10-r08-attempt01,n1000-c10-r08-attempt01,n1000-c10-r08-attempt01-fabric-measured-OP3,n1000-c10-r08-attempt01-traditional-measured-OP3,1000,1000,1000,1000,0,0,1.0,1.0,379.2072085,724.18154955,52.55343285845656,38.13862253638212,-344.97434105,0.523635556216,14.4148103221,1.37795833629
final-20260805T122631Z-11a3fbb-n1000-c10-r08,8,OP4,1000,10,n1000-c10-r08-attempt01,n1000-c10-r08-attempt01,n1000-c10-r08-attempt01-fabric-measured-OP4,n1000-c10-r08-attempt01-traditional-measured-OP4,1000,1000,1000,1000,0,0,1.0,1.0,400.9563677999996,116.38856104999998,52.93788486016988,152.9151440129733,284.56780675,3.44498088285,-99.9772591528,0.346191250068
final-20260805T122631Z-11a3fbb-n1000-c10-r08,8,OP5,1000,10,n1000-c10-r08-attempt01,n1000-c10-r08-attempt01,n1000-c10-r08-attempt01-fabric-measured-OP5,n1000-c10-r08-attempt01-traditional-measured-OP5,1000,1000,1000,1000,0,0,1.0,1.0,209.67098009999984,122.71794904999996,101.59195187988291,234.75179047039265,86.95303105,1.70856000873,-133.159838591,0.432763267434
final-20260805T122631Z-11a3fbb-n1000-c10-r08,8,OP6,1000,10,n1000-c10-r08-attempt01,n1000-c10-r08-attempt01,n1000-c10-r08-attempt01-fabric-measured-OP6,n1000-c10-r08-attempt01-traditional-measured-OP6,1000,1000,1000,1000,0,0,1.0,1.0,231.6258777,127.23096479999994,104.4190254688446,247.4550767207988,104.3949129,1.82051498284,-143.036051252,0.421971643712
final-20260805T122631Z-11a3fbb-n1000-c10-r09,9,OP1,1000,10,n1000-c10-r09-attempt01,n1000-c10-r09-attempt01,n1000-c10-r09-attempt01-fabric-measured-OP1,n1000-c10-r09-attempt01-traditional-measured-OP1,1000,1000,1000,1000,0,0,1.0,1.0,474.9447498999996,180.3488053499999,45.58150312623775,136.84370606659328,294.59594455,2.63347876898,-91.2622029404,0.333091703202
final-20260805T122631Z-11a3fbb-n1000-c10-r09,9,OP2,1000,10,n1000-c10-r09-attempt01,n1000-c10-r09-attempt01,n1000-c10-r09-attempt01-fabric-measured-OP2,n1000-c10-r09-attempt01-traditional-measured-OP2,1000,1000,1000,1000,0,0,1.0,1.0,369.43070685,94.29732654999998,55.86557701283281,299.3544636227834,275.1333803,3.91772195847,-243.48888661,0.186620157043
final-20260805T122631Z-11a3fbb-n1000-c10-r09,9,OP3,1000,10,n1000-c10-r09-attempt01,n1000-c10-r09-attempt01,n1000-c10-r09-attempt01-fabric-measured-OP3,n1000-c10-r09-attempt01-traditional-measured-OP3,1000,1000,1000,1000,0,0,1.0,1.0,459.2378932999999,92.23009555,51.5714303944639,171.0549135527767,367.00779775,4.97926290287,-119.483483158,0.301490494037
final-20260805T122631Z-11a3fbb-n1000-c10-r09,9,OP4,1000,10,n1000-c10-r09-attempt01,n1000-c10-r09-attempt01,n1000-c10-r09-attempt01-fabric-measured-OP4,n1000-c10-r09-attempt01-traditional-measured-OP4,1000,1000,1000,1000,0,0,1.0,1.0,448.2723522499998,176.92105029999993,52.544799968503845,141.4039361806581,271.35130195,2.5337423189,-88.8591362122,0.371593616046
final-20260805T122631Z-11a3fbb-n1000-c10-r09,9,OP5,1000,10,n1000-c10-r09-attempt01,n1000-c10-r09-attempt01,n1000-c10-r09-attempt01-fabric-measured-OP5,n1000-c10-r09-attempt01-traditional-measured-OP5,1000,1000,1000,1000,0,0,1.0,1.0,153.24414399999998,109.62057149999998,111.81550229760892,290.55428283933907,43.6235725,1.39795060273,-178.738780542,0.384835154398
final-20260805T122631Z-11a3fbb-n1000-c10-r09,9,OP6,1000,10,n1000-c10-r09-attempt01,n1000-c10-r09-attempt01,n1000-c10-r09-attempt01-fabric-measured-OP6,n1000-c10-r09-attempt01-traditional-measured-OP6,1000,1000,1000,1000,0,0,1.0,1.0,227.70117639999992,125.46175345,103.8129138032185,225.6569396303354,102.23942295,1.81490510166,-121.844025827,0.460047512712
final-20260805T122631Z-11a3fbb-n1000-c10-r10,10,OP1,1000,10,n1000-c10-r10-attempt01,n1000-c10-r10-attempt01,n1000-c10-r10-attempt01-fabric-measured-OP1,n1000-c10-r10-attempt01-traditional-measured-OP1,1000,1000,1000,1000,0,0,1.0,1.0,511.44441429999983,170.52877214999998,44.827629981540966,140.50203577080782,340.91564215,2.99916786975,-95.6744057893,0.319053241724
final-20260805T122631Z-11a3fbb-n1000-c10-r10,10,OP2,1000,10,n1000-c10-r10-attempt01,n1000-c10-r10-attempt01,n1000-c10-r10-attempt01-fabric-measured-OP2,n1000-c10-r10-attempt01-traditional-measured-OP2,1000,1000,1000,1000,0,0,1.0,1.0,354.93676494999994,111.9524455,60.64233773824129,287.6965491325992,242.98431945,3.17042440087,-227.054211394,0.210785766882
final-20260805T122631Z-11a3fbb-n1000-c10-r10,10,OP3,1000,10,n1000-c10-r10-attempt01,n1000-c10-r10-attempt01,n1000-c10-r10-attempt01-fabric-measured-OP3,n1000-c10-r10-attempt01-traditional-measured-OP3,1000,1000,1000,1000,0,0,1.0,1.0,408.3059558999996,128.50985465,51.849987527939184,153.76530525511694,279.79610125,3.17723459428,-101.915317727,0.33720212399
final-20260805T122631Z-11a3fbb-n1000-c10-r10,10,OP4,1000,10,n1000-c10-r10-attempt01,n1000-c10-r10-attempt01,n1000-c10-r10-attempt01-fabric-measured-OP4,n1000-c10-r10-attempt01-traditional-measured-OP4,1000,1000,1000,1000,0,0,1.0,1.0,404.97533984999984,181.8724043999999,54.46367043236545,141.24878250029272,223.10293545,2.22670031326,-86.7851120679,0.385586831039
final-20260805T122631Z-11a3fbb-n1000-c10-r10,10,OP5,1000,10,n1000-c10-r10-attempt01,n1000-c10-r10-attempt01,n1000-c10-r10-attempt01-fabric-measured-OP5,n1000-c10-r10-attempt01-traditional-measured-OP5,1000,1000,1000,1000,0,0,1.0,1.0,207.37390325,106.33815404999991,102.72278902358498,294.975908093436,101.0357492,1.95013638428,-192.25311907,0.348241284136
final-20260805T122631Z-11a3fbb-n1000-c10-r10,10,OP6,1000,10,n1000-c10-r10-attempt01,n1000-c10-r10-attempt01,n1000-c10-r10-attempt01-fabric-measured-OP6,n1000-c10-r10-attempt01-traditional-measured-OP6,1000,1000,1000,1000,0,0,1.0,1.0,225.44133785,123.19089045,104.1063315710944,233.7235487980923,102.2504474,1.83001630256,-129.617217227,0.44542508492
